Features,NumFeatures,AddedFeatures,Accuracy,AccuracyChange,LogLoss,LogLossChange
EloDiff + XGDDiffLast5 + GoalsPerGameDiff,3,NONE,0.5430379746835443,0.0,0.9780222646062077,0.0
EloDiff + XGDDiffLast5 + GoalsPerGameDiff + GoalDiffLast5,4,GoalDiffLast5,0.5424050632911392,-0.0006329113924050667,0.9788331002338634,0.0008108356276557149
EloDiff + XGDDiffLast5 + GoalsPerGameDiff + HomePointsLast5,4,HomePointsLast5,0.5462025316455696,0.0031645569620253333,0.9788225956006013,0.0008003309943935832
EloDiff + XGDDiffLast5 + GoalsPerGameDiff + AwayPointsLast5,4,AwayPointsLast5,0.5386075949367088,-0.004430379746835467,0.9758202632591972,-0.0022020013470104294
EloDiff + XGDDiffLast5 + GoalsPerGameDiff + HomeShotsOnTargetLast5,4,HomeShotsOnTargetLast5,0.539873417721519,-0.0031645569620253333,0.9791278019527088,0.0011055373465010954
EloDiff + XGDDiffLast5 + GoalsPerGameDiff + AwayGoalsLast5,4,AwayGoalsLast5,0.5436708860759494,0.0006329113924050667,0.9779530144869218,-6.925011928582414e-05
EloDiff + XGDDiffLast5 + GoalsPerGameDiff + AwayPPG,4,AwayPPG,0.5424050632911392,-0.0006329113924050667,0.9790356430227929,0.00101337841658522
EloDiff + XGDDiffLast5 + GoalsPerGameDiff + HomeShotsOnTargetAgainstLast5,4,HomeShotsOnTargetAgainstLast5,0.5443037974683544,0.0012658227848101333,0.978956381493268,0.0009341168870603545
EloDiff + XGDDiffLast5 + GoalsPerGameDiff + AwayGDPerGame,4,AwayGDPerGame,0.5411392405063291,-0.0018987341772152,0.9803532823587326,0.0023310177525249776
EloDiff + XGDDiffLast5 + GoalsPerGameDiff + GoalDiffLast5 + HomePointsLast5,5,GoalDiffLast5 + HomePointsLast5,0.5443037974683544,0.0012658227848101333,0.9793145533155603,0.001292288709352607
EloDiff + XGDDiffLast5 + GoalsPerGameDiff + GoalDiffLast5 + AwayPointsLast5,5,GoalDiffLast5 + AwayPointsLast5,0.5417721518987342,-0.0012658227848101333,0.977027296661553,-0.000994967944654701
EloDiff + XGDDiffLast5 + GoalsPerGameDiff + GoalDiffLast5 + HomeShotsOnTargetLast5,5,GoalDiffLast5 + HomeShotsOnTargetLast5,0.5386075949367088,-0.004430379746835467,0.9792903494357045,0.0012680848294968072
EloDiff + XGDDiffLast5 + GoalsPerGameDiff + GoalDiffLast5 + AwayGoalsLast5,5,GoalDiffLast5 + AwayGoalsLast5,0.5411392405063291,-0.0018987341772152,0.9792687617141052,0.0012464971078974818
EloDiff + XGDDiffLast5 + GoalsPerGameDiff + GoalDiffLast5 + AwayPPG,5,GoalDiffLast5 + AwayPPG,0.5449367088607595,0.0018987341772152,0.9797756910503587,0.0017534264441509961
EloDiff + XGDDiffLast5 + GoalsPerGameDiff + GoalDiffLast5 + HomeShotsOnTargetAgainstLast5,5,GoalDiffLast5 + HomeShotsOnTargetAgainstLast5,0.5436708860759494,0.0006329113924050667,0.9798524162658951,0.0018301516596874734
EloDiff + XGDDiffLast5 + GoalsPerGameDiff + GoalDiffLast5 + AwayGDPerGame,5,GoalDiffLast5 + AwayGDPerGame,0.5430379746835443,0.0,0.9809615190101312,0.002939254403923508
EloDiff + XGDDiffLast5 + GoalsPerGameDiff + HomePointsLast5 + AwayPointsLast5,5,HomePointsLast5 + AwayPointsLast5,0.5379746835443038,-0.005063291139240533,0.9773532306883321,-0.0006690339178755389
EloDiff + XGDDiffLast5 + GoalsPerGameDiff + HomePointsLast5 + HomeShotsOnTargetLast5,5,HomePointsLast5 + HomeShotsOnTargetLast5,0.5417721518987342,-0.0012658227848101333,0.9784957726724505,0.0004735080662428004
EloDiff + XGDDiffLast5 + GoalsPerGameDiff + HomePointsLast5 + AwayGoalsLast5,5,HomePointsLast5 + AwayGoalsLast5,0.5443037974683544,0.0012658227848101333,0.9787874067257618,0.0007651421195541408
EloDiff + XGDDiffLast5 + GoalsPerGameDiff + HomePointsLast5 + AwayPPG,5,HomePointsLast5 + AwayPPG,0.5436708860759494,0.0006329113924050667,0.9797946432758856,0.001772378669677943
EloDiff + XGDDiffLast5 + GoalsPerGameDiff + HomePointsLast5 + HomeShotsOnTargetAgainstLast5,5,HomePointsLast5 + HomeShotsOnTargetAgainstLast5,0.5449367088607595,0.0018987341772152,0.9792678564516961,0.0012455918454884474
EloDiff + XGDDiffLast5 + GoalsPerGameDiff + HomePointsLast5 + AwayGDPerGame,5,HomePointsLast5 + AwayGDPerGame,0.5411392405063291,-0.0018987341772152,0.980091991274012,0.0020697266678043613
EloDiff + XGDDiffLast5 + GoalsPerGameDiff + AwayPointsLast5 + HomeShotsOnTargetLast5,5,AwayPointsLast5 + HomeShotsOnTargetLast5,0.5436708860759494,0.0006329113924050667,0.9779018927210952,-0.0001203718851124913
EloDiff + XGDDiffLast5 + GoalsPerGameDiff + AwayPointsLast5 + AwayGoalsLast5,5,AwayPointsLast5 + AwayGoalsLast5,0.5411392405063291,-0.0018987341772152,0.9775267169936919,-0.0004955476125158009
EloDiff + XGDDiffLast5 + GoalsPerGameDiff + AwayPointsLast5 + AwayPPG,5,AwayPointsLast5 + AwayPPG,0.5348101265822784,-0.008227848101265867,0.9770314022504805,-0.0009908623557272067
EloDiff + XGDDiffLast5 + GoalsPerGameDiff + AwayPointsLast5 + HomeShotsOnTargetAgainstLast5,5,AwayPointsLast5 + HomeShotsOnTargetAgainstLast5,0.539873417721519,-0.0031645569620253333,0.9771854233175767,-0.0008368412886309295
EloDiff + XGDDiffLast5 + GoalsPerGameDiff + AwayPointsLast5 + AwayGDPerGame,5,AwayPointsLast5 + AwayGDPerGame,0.5335443037974683,-0.009493670886076,0.9778011859914596,-0.00022107861474807144
EloDiff + XGDDiffLast5 + GoalsPerGameDiff + HomeShotsOnTargetLast5 + AwayGoalsLast5,5,HomeShotsOnTargetLast5 + AwayGoalsLast5,0.540506329113924,-0.0025316455696202667,0.9812874542849718,0.003265189678764102
EloDiff + XGDDiffLast5 + GoalsPerGameDiff + HomeShotsOnTargetLast5 + AwayPPG,5,HomeShotsOnTargetLast5 + AwayPPG,0.5379746835443038,-0.005063291139240533,0.9800902992133453,0.00206803460713767
EloDiff + XGDDiffLast5 + GoalsPerGameDiff + HomeShotsOnTargetLast5 + HomeShotsOnTargetAgainstLast5,5,HomeShotsOnTargetLast5 + HomeShotsOnTargetAgainstLast5,0.540506329113924,-0.0025316455696202667,0.9802636640799397,0.002241399473732031
EloDiff + XGDDiffLast5 + GoalsPerGameDiff + HomeShotsOnTargetLast5 + AwayGDPerGame,5,HomeShotsOnTargetLast5 + AwayGDPerGame,0.5386075949367088,-0.004430379746835467,0.9807274111924114,0.0027051465862036883
EloDiff + XGDDiffLast5 + GoalsPerGameDiff + AwayGoalsLast5 + AwayPPG,5,AwayGoalsLast5 + AwayPPG,0.5424050632911392,-0.0006329113924050667,0.9793293111672963,0.0013070465610885984
EloDiff + XGDDiffLast5 + GoalsPerGameDiff + AwayGoalsLast5 + HomeShotsOnTargetAgainstLast5,5,AwayGoalsLast5 + HomeShotsOnTargetAgainstLast5,0.5424050632911391,-0.0006329113924051777,0.9789335862647108,0.0009113216585031614
EloDiff + XGDDiffLast5 + GoalsPerGameDiff + AwayGoalsLast5 + AwayGDPerGame,5,AwayGoalsLast5 + AwayGDPerGame,0.5392405063291139,-0.0037974683544304,0.9802721310651759,0.002249866458968186
EloDiff + XGDDiffLast5 + GoalsPerGameDiff + AwayPPG + HomeShotsOnTargetAgainstLast5,5,AwayPPG + HomeShotsOnTargetAgainstLast5,0.5436708860759494,0.0006329113924050667,0.9800923592825782,0.0020700946763705375
EloDiff + XGDDiffLast5 + GoalsPerGameDiff + AwayPPG + AwayGDPerGame,5,AwayPPG + AwayGDPerGame,0.539873417721519,-0.0031645569620253333,0.9811312296703305,0.0031089650641228372
EloDiff + XGDDiffLast5 + GoalsPerGameDiff + HomeShotsOnTargetAgainstLast5 + AwayGDPerGame,5,HomeShotsOnTargetAgainstLast5 + AwayGDPerGame,0.5417721518987342,-0.0012658227848101333,0.9813139133048612,0.0032916486986535043
EloDiff + XGDDiffLast5 + GoalsPerGameDiff + GoalDiffLast5 + HomePointsLast5 + AwayPointsLast5,6,GoalDiffLast5 + HomePointsLast5 + AwayPointsLast5,0.5373417721518987,-0.0056962025316456,0.9782972932928911,0.0002750286866833873
EloDiff + XGDDiffLast5 + GoalsPerGameDiff + GoalDiffLast5 + HomePointsLast5 + HomeShotsOnTargetLast5,6,GoalDiffLast5 + HomePointsLast5 + HomeShotsOnTargetLast5,0.5411392405063291,-0.0018987341772152,0.9787848291816992,0.0007625645754915089
EloDiff + XGDDiffLast5 + GoalsPerGameDiff + GoalDiffLast5 + HomePointsLast5 + AwayGoalsLast5,6,GoalDiffLast5 + HomePointsLast5 + AwayGoalsLast5,0.540506329113924,-0.0025316455696202667,0.9798571472318885,0.0018348826256808781
EloDiff + XGDDiffLast5 + GoalsPerGameDiff + GoalDiffLast5 + HomePointsLast5 + AwayPPG,6,GoalDiffLast5 + HomePointsLast5 + AwayPPG,0.5436708860759494,0.0006329113924050667,0.9804240026873844,0.0024017380811767186
EloDiff + XGDDiffLast5 + GoalsPerGameDiff + GoalDiffLast5 + HomePointsLast5 + HomeShotsOnTargetAgainstLast5,6,GoalDiffLast5 + HomePointsLast5 + HomeShotsOnTargetAgainstLast5,0.5424050632911392,-0.0006329113924050667,0.9798805478506296,0.0018582832444219433
EloDiff + XGDDiffLast5 + GoalsPerGameDiff + GoalDiffLast5 + HomePointsLast5 + AwayGDPerGame,6,GoalDiffLast5 + HomePointsLast5 + AwayGDPerGame,0.5430379746835443,0.0,0.9804876531124856,0.002465388506277977
EloDiff + XGDDiffLast5 + GoalsPerGameDiff + GoalDiffLast5 + AwayPointsLast5 + HomeShotsOnTargetLast5,6,GoalDiffLast5 + AwayPointsLast5 + HomeShotsOnTargetLast5,0.5411392405063291,-0.0018987341772152,0.9783351617212169,0.00031289711500925854
EloDiff + XGDDiffLast5 + GoalsPerGameDiff + GoalDiffLast5 + AwayPointsLast5 + AwayGoalsLast5,6,GoalDiffLast5 + AwayPointsLast5 + AwayGoalsLast5,0.5411392405063291,-0.0018987341772152,0.9789079340033645,0.0008856693971568408
EloDiff + XGDDiffLast5 + GoalsPerGameDiff + GoalDiffLast5 + AwayPointsLast5 + AwayPPG,6,GoalDiffLast5 + AwayPointsLast5 + AwayPPG,0.5360759493670886,-0.006962025316455733,0.9780897161065516,6.74515003439291e-05
EloDiff + XGDDiffLast5 + GoalsPerGameDiff + GoalDiffLast5 + AwayPointsLast5 + HomeShotsOnTargetAgainstLast5,6,GoalDiffLast5 + AwayPointsLast5 + HomeShotsOnTargetAgainstLast5,0.539873417721519,-0.0031645569620253333,0.978401767665129,0.00037950305892131553
EloDiff + XGDDiffLast5 + GoalsPerGameDiff + GoalDiffLast5 + AwayPointsLast5 + AwayGDPerGame,6,GoalDiffLast5 + AwayPointsLast5 + AwayGDPerGame,0.5335443037974683,-0.009493670886076,0.9788218561291362,0.0007995915229285222
EloDiff + XGDDiffLast5 + GoalsPerGameDiff + GoalDiffLast5 + HomeShotsOnTargetLast5 + AwayGoalsLast5,6,GoalDiffLast5 + HomeShotsOnTargetLast5 + AwayGoalsLast5,0.5411392405063291,-0.0018987341772152,0.9818246160198345,0.0038023514136268366
EloDiff + XGDDiffLast5 + GoalsPerGameDiff + GoalDiffLast5 + HomeShotsOnTargetLast5 + AwayPPG,6,GoalDiffLast5 + HomeShotsOnTargetLast5 + AwayPPG,0.5373417721518987,-0.0056962025316456,0.9802964421847081,0.002274177578500458
EloDiff + XGDDiffLast5 + GoalsPerGameDiff + GoalDiffLast5 + HomeShotsOnTargetLast5 + HomeShotsOnTargetAgainstLast5,6,GoalDiffLast5 + HomeShotsOnTargetLast5 + HomeShotsOnTargetAgainstLast5,0.5424050632911392,-0.0006329113924050667,0.9805507597752872,0.002528495169079492
EloDiff + XGDDiffLast5 + GoalsPerGameDiff + GoalDiffLast5 + HomeShotsOnTargetLast5 + AwayGDPerGame,6,GoalDiffLast5 + HomeShotsOnTargetLast5 + AwayGDPerGame,0.5386075949367088,-0.004430379746835467,0.9807920703226642,0.002769805716456575
EloDiff + XGDDiffLast5 + GoalsPerGameDiff + GoalDiffLast5 + AwayGoalsLast5 + AwayPPG,6,GoalDiffLast5 + AwayGoalsLast5 + AwayPPG,0.5379746835443038,-0.005063291139240533,0.9803043731893528,0.002282108583145148
EloDiff + XGDDiffLast5 + GoalsPerGameDiff + GoalDiffLast5 + AwayGoalsLast5 + HomeShotsOnTargetAgainstLast5,6,GoalDiffLast5 + AwayGoalsLast5 + HomeShotsOnTargetAgainstLast5,0.5417721518987342,-0.0012658227848101333,0.9802840609230232,0.0022617963168155564
EloDiff + XGDDiffLast5 + GoalsPerGameDiff + GoalDiffLast5 + AwayGoalsLast5 + AwayGDPerGame,6,GoalDiffLast5 + AwayGoalsLast5 + AwayGDPerGame,0.5367088607594936,-0.006329113924050667,0.981163021073229,0.0031407564670212773
EloDiff + XGDDiffLast5 + GoalsPerGameDiff + GoalDiffLast5 + AwayPPG + HomeShotsOnTargetAgainstLast5,6,GoalDiffLast5 + AwayPPG + HomeShotsOnTargetAgainstLast5,0.5449367088607595,0.0018987341772152,0.9809243743006064,0.0029021096943987468
EloDiff + XGDDiffLast5 + GoalsPerGameDiff + GoalDiffLast5 + AwayPPG + AwayGDPerGame,6,GoalDiffLast5 + AwayPPG + AwayGDPerGame,0.5417721518987342,-0.0012658227848101333,0.9817831496816627,0.0037608850754550227
EloDiff + XGDDiffLast5 + GoalsPerGameDiff + GoalDiffLast5 + HomeShotsOnTargetAgainstLast5 + AwayGDPerGame,6,GoalDiffLast5 + HomeShotsOnTargetAgainstLast5 + AwayGDPerGame,0.5430379746835443,0.0,0.9820391776809654,0.004016913074757711
EloDiff + XGDDiffLast5 + GoalsPerGameDiff + HomePointsLast5 + AwayPointsLast5 + HomeShotsOnTargetLast5,6,HomePointsLast5 + AwayPointsLast5 + HomeShotsOnTargetLast5,0.5373417721518987,-0.0056962025316456,0.9778311764827379,-0.00019108812346979587
EloDiff + XGDDiffLast5 + GoalsPerGameDiff + HomePointsLast5 + AwayPointsLast5 + AwayGoalsLast5,6,HomePointsLast5 + AwayPointsLast5 + AwayGoalsLast5,0.5392405063291139,-0.0037974683544304,0.9787461090396394,0.000723844433431764
EloDiff + XGDDiffLast5 + GoalsPerGameDiff + HomePointsLast5 + AwayPointsLast5 + AwayPPG,6,HomePointsLast5 + AwayPointsLast5 + AwayPPG,0.5360759493670886,-0.006962025316455733,0.9783235151017708,0.00030125049556317673
EloDiff + XGDDiffLast5 + GoalsPerGameDiff + HomePointsLast5 + AwayPointsLast5 + HomeShotsOnTargetAgainstLast5,6,HomePointsLast5 + AwayPointsLast5 + HomeShotsOnTargetAgainstLast5,0.5392405063291139,-0.0037974683544304,0.9782712606023403,0.00024899599613259493
EloDiff + XGDDiffLast5 + GoalsPerGameDiff + HomePointsLast5 + AwayPointsLast5 + AwayGDPerGame,6,HomePointsLast5 + AwayPointsLast5 + AwayGDPerGame,0.5329113924050632,-0.010126582278481067,0.9784138633609807,0.00039159875477301487
EloDiff + XGDDiffLast5 + GoalsPerGameDiff + HomePointsLast5 + HomeShotsOnTargetLast5 + AwayGoalsLast5,6,HomePointsLast5 + HomeShotsOnTargetLast5 + AwayGoalsLast5,0.5417721518987342,-0.0012658227848101333,0.980607116145854,0.0025848515396463823
EloDiff + XGDDiffLast5 + GoalsPerGameDiff + HomePointsLast5 + HomeShotsOnTargetLast5 + AwayPPG,6,HomePointsLast5 + HomeShotsOnTargetLast5 + AwayPPG,0.5386075949367088,-0.004430379746835467,0.9797432815168552,0.0017210169106475215
EloDiff + XGDDiffLast5 + GoalsPerGameDiff + HomePointsLast5 + HomeShotsOnTargetLast5 + HomeShotsOnTargetAgainstLast5,6,HomePointsLast5 + HomeShotsOnTargetLast5 + HomeShotsOnTargetAgainstLast5,0.5417721518987342,-0.0012658227848101333,0.9792030785318468,0.0011808139256391792
EloDiff + XGDDiffLast5 + GoalsPerGameDiff + HomePointsLast5 + HomeShotsOnTargetLast5 + AwayGDPerGame,6,HomePointsLast5 + HomeShotsOnTargetLast5 + AwayGDPerGame,0.5379746835443038,-0.005063291139240533,0.9798384828289797,0.0018162182227720036
EloDiff + XGDDiffLast5 + GoalsPerGameDiff + HomePointsLast5 + AwayGoalsLast5 + AwayPPG,6,HomePointsLast5 + AwayGoalsLast5 + AwayPPG,0.540506329113924,-0.0025316455696202667,0.9801093142082259,0.0020870496020182205
EloDiff + XGDDiffLast5 + GoalsPerGameDiff + HomePointsLast5 + AwayGoalsLast5 + HomeShotsOnTargetAgainstLast5,6,HomePointsLast5 + AwayGoalsLast5 + HomeShotsOnTargetAgainstLast5,0.5417721518987342,-0.0012658227848101333,0.9791988555535637,0.0011765909473560043
EloDiff + XGDDiffLast5 + GoalsPerGameDiff + HomePointsLast5 + AwayGoalsLast5 + AwayGDPerGame,6,HomePointsLast5 + AwayGoalsLast5 + AwayGDPerGame,0.5386075949367088,-0.004430379746835467,0.980290805806572,0.002268541200364349
EloDiff + XGDDiffLast5 + GoalsPerGameDiff + HomePointsLast5 + AwayPPG + HomeShotsOnTargetAgainstLast5,6,HomePointsLast5 + AwayPPG + HomeShotsOnTargetAgainstLast5,0.5430379746835443,0.0,0.980296308820165,0.0022740442139573824
EloDiff + XGDDiffLast5 + GoalsPerGameDiff + HomePointsLast5 + AwayPPG + AwayGDPerGame,6,HomePointsLast5 + AwayPPG + AwayGDPerGame,0.5417721518987342,-0.0012658227848101333,0.981060826498284,0.003038561892076297
EloDiff + XGDDiffLast5 + GoalsPerGameDiff + HomePointsLast5 + HomeShotsOnTargetAgainstLast5 + AwayGDPerGame,6,HomePointsLast5 + HomeShotsOnTargetAgainstLast5 + AwayGDPerGame,0.5417721518987342,-0.0012658227848101333,0.9808435243971921,0.002821259790984465
EloDiff + XGDDiffLast5 + GoalsPerGameDiff + AwayPointsLast5 + HomeShotsOnTargetLast5 + AwayGoalsLast5,6,AwayPointsLast5 + HomeShotsOnTargetLast5 + AwayGoalsLast5,0.5354430379746835,-0.0075949367088608,0.9807890494150714,0.0027667848088637204
EloDiff + XGDDiffLast5 + GoalsPerGameDiff + AwayPointsLast5 + HomeShotsOnTargetLast5 + AwayPPG,6,AwayPointsLast5 + HomeShotsOnTargetLast5 + AwayPPG,0.5322784810126582,-0.010759493670886133,0.9785574423870423,0.0005351777808346725
EloDiff + XGDDiffLast5 + GoalsPerGameDiff + AwayPointsLast5 + HomeShotsOnTargetLast5 + HomeShotsOnTargetAgainstLast5,6,AwayPointsLast5 + HomeShotsOnTargetLast5 + HomeShotsOnTargetAgainstLast5,0.5430379746835443,0.0,0.9796541166429954,0.0016318520367877287
EloDiff + XGDDiffLast5 + GoalsPerGameDiff + AwayPointsLast5 + HomeShotsOnTargetLast5 + AwayGDPerGame,6,AwayPointsLast5 + HomeShotsOnTargetLast5 + AwayGDPerGame,0.5322784810126582,-0.010759493670886133,0.9790195371051629,0.000997272498955204
EloDiff + XGDDiffLast5 + GoalsPerGameDiff + AwayPointsLast5 + AwayGoalsLast5 + AwayPPG,6,AwayPointsLast5 + AwayGoalsLast5 + AwayPPG,0.5379746835443038,-0.005063291139240533,0.9787091417216235,0.0006868771154158182
EloDiff + XGDDiffLast5 + GoalsPerGameDiff + AwayPointsLast5 + AwayGoalsLast5 + HomeShotsOnTargetAgainstLast5,6,AwayPointsLast5 + AwayGoalsLast5 + HomeShotsOnTargetAgainstLast5,0.5411392405063291,-0.0018987341772152,0.9787464830822683,0.000724218476060634
EloDiff + XGDDiffLast5 + GoalsPerGameDiff + AwayPointsLast5 + AwayGoalsLast5 + AwayGDPerGame,6,AwayPointsLast5 + AwayGoalsLast5 + AwayGDPerGame,0.5373417721518987,-0.0056962025316456,0.9794853186190624,0.0014630540128547365
EloDiff + XGDDiffLast5 + GoalsPerGameDiff + AwayPointsLast5 + AwayPPG + HomeShotsOnTargetAgainstLast5,6,AwayPointsLast5 + AwayPPG + HomeShotsOnTargetAgainstLast5,0.5367088607594936,-0.006329113924050667,0.9783469787617973,0.000324714155589656
EloDiff + XGDDiffLast5 + GoalsPerGameDiff + AwayPointsLast5 + AwayPPG + AwayGDPerGame,6,AwayPointsLast5 + AwayPPG + AwayGDPerGame,0.5297468354430379,-0.0132911392405064,0.9789279067514464,0.0009056421452386942
EloDiff + XGDDiffLast5 + GoalsPerGameDiff + AwayPointsLast5 + HomeShotsOnTargetAgainstLast5 + AwayGDPerGame,6,AwayPointsLast5 + HomeShotsOnTargetAgainstLast5 + AwayGDPerGame,0.531012658227848,-0.012025316455696267,0.9790746183032862,0.0010523536970785674
EloDiff + XGDDiffLast5 + GoalsPerGameDiff + HomeShotsOnTargetLast5 + AwayGoalsLast5 + AwayPPG,6,HomeShotsOnTargetLast5 + AwayGoalsLast5 + AwayPPG,0.540506329113924,-0.0025316455696202667,0.9821228483475452,0.004100583741337482
EloDiff + XGDDiffLast5 + GoalsPerGameDiff + HomeShotsOnTargetLast5 + AwayGoalsLast5 + HomeShotsOnTargetAgainstLast5,6,HomeShotsOnTargetLast5 + AwayGoalsLast5 + HomeShotsOnTargetAgainstLast5,0.5392405063291139,-0.0037974683544304,0.9827192577388468,0.00469699313263916
EloDiff + XGDDiffLast5 + GoalsPerGameDiff + HomeShotsOnTargetLast5 + AwayGoalsLast5 + AwayGDPerGame,6,HomeShotsOnTargetLast5 + AwayGoalsLast5 + AwayGDPerGame,0.5360759493670886,-0.006962025316455733,0.9830553345447959,0.005033069938588208
EloDiff + XGDDiffLast5 + GoalsPerGameDiff + HomeShotsOnTargetLast5 + AwayPPG + HomeShotsOnTargetAgainstLast5,6,HomeShotsOnTargetLast5 + AwayPPG + HomeShotsOnTargetAgainstLast5,0.5411392405063291,-0.0018987341772152,0.9813755935334589,0.0033533289272512645
EloDiff + XGDDiffLast5 + GoalsPerGameDiff + HomeShotsOnTargetLast5 + AwayPPG + AwayGDPerGame,6,HomeShotsOnTargetLast5 + AwayPPG + AwayGDPerGame,0.5360759493670886,-0.006962025316455733,0.9822436667181875,0.004221402111979855
EloDiff + XGDDiffLast5 + GoalsPerGameDiff + HomeShotsOnTargetLast5 + HomeShotsOnTargetAgainstLast5 + AwayGDPerGame,6,HomeShotsOnTargetLast5 + HomeShotsOnTargetAgainstLast5 + AwayGDPerGame,0.539873417721519,-0.0031645569620253333,0.9818508311605377,0.0038285665543300595
EloDiff + XGDDiffLast5 + GoalsPerGameDiff + AwayGoalsLast5 + AwayPPG + HomeShotsOnTargetAgainstLast5,6,AwayGoalsLast5 + AwayPPG + HomeShotsOnTargetAgainstLast5,0.5424050632911391,-0.0006329113924051777,0.9803258955048193,0.0023036308986116305
EloDiff + XGDDiffLast5 + GoalsPerGameDiff + AwayGoalsLast5 + AwayPPG + AwayGDPerGame,6,AwayGoalsLast5 + AwayPPG + AwayGDPerGame,0.5379746835443038,-0.005063291139240533,0.9809372224679536,0.0029149578617458927
EloDiff + XGDDiffLast5 + GoalsPerGameDiff + AwayGoalsLast5 + HomeShotsOnTargetAgainstLast5 + AwayGDPerGame,6,AwayGoalsLast5 + HomeShotsOnTargetAgainstLast5 + AwayGDPerGame,0.5373417721518987,-0.0056962025316456,0.9811923720795042,0.0031701074732964907
EloDiff + XGDDiffLast5 + GoalsPerGameDiff + AwayPPG + HomeShotsOnTargetAgainstLast5 + AwayGDPerGame,6,AwayPPG + HomeShotsOnTargetAgainstLast5 + AwayGDPerGame,0.5392405063291139,-0.0037974683544304,0.9817740609890511,0.0037517963828433976
EloDiff + XGDDiffLast5 + GoalsPerGameDiff + GoalDiffLast5 + HomePointsLast5 + AwayPointsLast5 + HomeShotsOnTargetLast5,7,GoalDiffLast5 + HomePointsLast5 + AwayPointsLast5 + HomeShotsOnTargetLast5,0.5424050632911392,-0.0006329113924050667,0.9785970260925844,0.0005747614863766959
EloDiff + XGDDiffLast5 + GoalsPerGameDiff + GoalDiffLast5 + HomePointsLast5 + AwayPointsLast5 + AwayGoalsLast5,7,GoalDiffLast5 + HomePointsLast5 + AwayPointsLast5 + AwayGoalsLast5,0.5367088607594936,-0.006329113924050667,0.979511445963152,0.0014891813569443135
EloDiff + XGDDiffLast5 + GoalsPerGameDiff + GoalDiffLast5 + HomePointsLast5 + AwayPointsLast5 + AwayPPG,7,GoalDiffLast5 + HomePointsLast5 + AwayPointsLast5 + AwayPPG,0.5335443037974683,-0.009493670886076,0.9792821306775756,0.0012598660713679655
EloDiff + XGDDiffLast5 + GoalsPerGameDiff + GoalDiffLast5 + HomePointsLast5 + AwayPointsLast5 + HomeShotsOnTargetAgainstLast5,7,GoalDiffLast5 + HomePointsLast5 + AwayPointsLast5 + HomeShotsOnTargetAgainstLast5,0.5360759493670886,-0.006962025316455733,0.9790855393786414,0.001063274772433731
EloDiff + XGDDiffLast5 + GoalsPerGameDiff + GoalDiffLast5 + HomePointsLast5 + AwayPointsLast5 + AwayGDPerGame,7,GoalDiffLast5 + HomePointsLast5 + AwayPointsLast5 + AwayGDPerGame,0.5316455696202531,-0.0113924050632912,0.979375971504016,0.0013537068978083378
EloDiff + XGDDiffLast5 + GoalsPerGameDiff + GoalDiffLast5 + HomePointsLast5 + HomeShotsOnTargetLast5 + AwayGoalsLast5,7,GoalDiffLast5 + HomePointsLast5 + HomeShotsOnTargetLast5 + AwayGoalsLast5,0.5386075949367088,-0.004430379746835467,0.9819674225730115,0.003945157966803836
EloDiff + XGDDiffLast5 + GoalsPerGameDiff + GoalDiffLast5 + HomePointsLast5 + HomeShotsOnTargetLast5 + AwayPPG,7,GoalDiffLast5 + HomePointsLast5 + HomeShotsOnTargetLast5 + AwayPPG,0.5417721518987342,-0.0012658227848101333,0.980118475105904,0.002096210499696327
EloDiff + XGDDiffLast5 + GoalsPerGameDiff + GoalDiffLast5 + HomePointsLast5 + HomeShotsOnTargetLast5 + HomeShotsOnTargetAgainstLast5,7,GoalDiffLast5 + HomePointsLast5 + HomeShotsOnTargetLast5 + HomeShotsOnTargetAgainstLast5,0.5430379746835443,0.0,0.97963981639474,0.0016175517885322899
EloDiff + XGDDiffLast5 + GoalsPerGameDiff + GoalDiffLast5 + HomePointsLast5 + HomeShotsOnTargetLast5 + AwayGDPerGame,7,GoalDiffLast5 + HomePointsLast5 + HomeShotsOnTargetLast5 + AwayGDPerGame,0.540506329113924,-0.0025316455696202667,0.9799772258258719,0.0019549612196642085
EloDiff + XGDDiffLast5 + GoalsPerGameDiff + GoalDiffLast5 + HomePointsLast5 + AwayGoalsLast5 + AwayPPG,7,GoalDiffLast5 + HomePointsLast5 + AwayGoalsLast5 + AwayPPG,0.5379746835443038,-0.005063291139240533,0.9809944988318495,0.0029722342256418566
EloDiff + XGDDiffLast5 + GoalsPerGameDiff + GoalDiffLast5 + HomePointsLast5 + AwayGoalsLast5 + HomeShotsOnTargetAgainstLast5,7,GoalDiffLast5 + HomePointsLast5 + AwayGoalsLast5 + HomeShotsOnTargetAgainstLast5,0.5443037974683544,0.0012658227848101333,0.9801629976425204,0.002140733036312681
EloDiff + XGDDiffLast5 + GoalsPerGameDiff + GoalDiffLast5 + HomePointsLast5 + AwayGoalsLast5 + AwayGDPerGame,7,GoalDiffLast5 + HomePointsLast5 + AwayGoalsLast5 + AwayGDPerGame,0.5360759493670886,-0.006962025316455733,0.9814085852410385,0.0033863206348307973
EloDiff + XGDDiffLast5 + GoalsPerGameDiff + GoalDiffLast5 + HomePointsLast5 + AwayPPG + HomeShotsOnTargetAgainstLast5,7,GoalDiffLast5 + HomePointsLast5 + AwayPPG + HomeShotsOnTargetAgainstLast5,0.5436708860759494,0.0006329113924050667,0.9810159308732264,0.002993666267018691
EloDiff + XGDDiffLast5 + GoalsPerGameDiff + GoalDiffLast5 + HomePointsLast5 + AwayPPG + AwayGDPerGame,7,GoalDiffLast5 + HomePointsLast5 + AwayPPG + AwayGDPerGame,0.540506329113924,-0.0025316455696202667,0.9815759866270563,0.003553722020848582
EloDiff + XGDDiffLast5 + GoalsPerGameDiff + GoalDiffLast5 + HomePointsLast5 + HomeShotsOnTargetAgainstLast5 + AwayGDPerGame,7,GoalDiffLast5 + HomePointsLast5 + HomeShotsOnTargetAgainstLast5 + AwayGDPerGame,0.5411392405063291,-0.0018987341772152,0.9813485781771746,0.00332631357096691
EloDiff + XGDDiffLast5 + GoalsPerGameDiff + GoalDiffLast5 + AwayPointsLast5 + HomeShotsOnTargetLast5 + AwayGoalsLast5,7,GoalDiffLast5 + AwayPointsLast5 + HomeShotsOnTargetLast5 + AwayGoalsLast5,0.5392405063291139,-0.0037974683544304,0.9813577242097689,0.003335459603561186
EloDiff + XGDDiffLast5 + GoalsPerGameDiff + GoalDiffLast5 + AwayPointsLast5 + HomeShotsOnTargetLast5 + AwayPPG,7,GoalDiffLast5 + AwayPointsLast5 + HomeShotsOnTargetLast5 + AwayPPG,0.5335443037974683,-0.009493670886076,0.9791133973851547,0.0010911327789470127
EloDiff + XGDDiffLast5 + GoalsPerGameDiff + GoalDiffLast5 + AwayPointsLast5 + HomeShotsOnTargetLast5 + HomeShotsOnTargetAgainstLast5,7,GoalDiffLast5 + AwayPointsLast5 + HomeShotsOnTargetLast5 + HomeShotsOnTargetAgainstLast5,0.539873417721519,-0.0031645569620253333,0.9800718900098515,0.00204962540364384
EloDiff + XGDDiffLast5 + GoalsPerGameDiff + GoalDiffLast5 + AwayPointsLast5 + HomeShotsOnTargetLast5 + AwayGDPerGame,7,GoalDiffLast5 + AwayPointsLast5 + HomeShotsOnTargetLast5 + AwayGDPerGame,0.5341772151898734,-0.008860759493670933,0.9794890902756013,0.001466825669393601
EloDiff + XGDDiffLast5 + GoalsPerGameDiff + GoalDiffLast5 + AwayPointsLast5 + AwayGoalsLast5 + AwayPPG,7,GoalDiffLast5 + AwayPointsLast5 + AwayGoalsLast5 + AwayPPG,0.5354430379746835,-0.0075949367088608,0.9796828570553924,0.0016605924491847057
EloDiff + XGDDiffLast5 + GoalsPerGameDiff + GoalDiffLast5 + AwayPointsLast5 + AwayGoalsLast5 + HomeShotsOnTargetAgainstLast5,7,GoalDiffLast5 + AwayPointsLast5 + AwayGoalsLast5 + HomeShotsOnTargetAgainstLast5,0.540506329113924,-0.0025316455696202667,0.9801897199401017,0.002167455333894064
EloDiff + XGDDiffLast5 + GoalsPerGameDiff + GoalDiffLast5 + AwayPointsLast5 + AwayGoalsLast5 + AwayGDPerGame,7,GoalDiffLast5 + AwayPointsLast5 + AwayGoalsLast5 + AwayGDPerGame,0.5354430379746835,-0.0075949367088608,0.9804124264748536,0.0023901618686459347
EloDiff + XGDDiffLast5 + GoalsPerGameDiff + GoalDiffLast5 + AwayPointsLast5 + AwayPPG + HomeShotsOnTargetAgainstLast5,7,GoalDiffLast5 + AwayPointsLast5 + AwayPPG + HomeShotsOnTargetAgainstLast5,0.5386075949367088,-0.004430379746835467,0.9793942446532306,0.0013719800470228805
EloDiff + XGDDiffLast5 + GoalsPerGameDiff + GoalDiffLast5 + AwayPointsLast5 + AwayPPG + AwayGDPerGame,7,GoalDiffLast5 + AwayPointsLast5 + AwayPPG + AwayGDPerGame,0.5335443037974683,-0.009493670886076,0.9799449873549919,0.0019227227487842447
EloDiff + XGDDiffLast5 + GoalsPerGameDiff + GoalDiffLast5 + AwayPointsLast5 + HomeShotsOnTargetAgainstLast5 + AwayGDPerGame,7,GoalDiffLast5 + AwayPointsLast5 + HomeShotsOnTargetAgainstLast5 + AwayGDPerGame,0.5354430379746835,-0.0075949367088608,0.980075752041486,0.002053487435278334
EloDiff + XGDDiffLast5 + GoalsPerGameDiff + GoalDiffLast5 + HomeShotsOnTargetLast5 + AwayGoalsLast5 + AwayPPG,7,GoalDiffLast5 + HomeShotsOnTargetLast5 + AwayGoalsLast5 + AwayPPG,0.5367088607594936,-0.006329113924050667,0.9827296362751156,0.004707371668907889
EloDiff + XGDDiffLast5 + GoalsPerGameDiff + GoalDiffLast5 + HomeShotsOnTargetLast5 + AwayGoalsLast5 + HomeShotsOnTargetAgainstLast5,7,GoalDiffLast5 + HomeShotsOnTargetLast5 + AwayGoalsLast5 + HomeShotsOnTargetAgainstLast5,0.5411392405063291,-0.0018987341772152,0.9835817708156365,0.0055595062094287995
EloDiff + XGDDiffLast5 + GoalsPerGameDiff + GoalDiffLast5 + HomeShotsOnTargetLast5 + AwayGoalsLast5 + AwayGDPerGame,7,GoalDiffLast5 + HomeShotsOnTargetLast5 + AwayGoalsLast5 + AwayGDPerGame,0.5354430379746835,-0.0075949367088608,0.9842516315126281,0.006229366906420397
EloDiff + XGDDiffLast5 + GoalsPerGameDiff + GoalDiffLast5 + HomeShotsOnTargetLast5 + AwayPPG + HomeShotsOnTargetAgainstLast5,7,GoalDiffLast5 + HomeShotsOnTargetLast5 + AwayPPG + HomeShotsOnTargetAgainstLast5,0.5411392405063291,-0.0018987341772152,0.981712371992954,0.003690107386746355
EloDiff + XGDDiffLast5 + GoalsPerGameDiff + GoalDiffLast5 + HomeShotsOnTargetLast5 + AwayPPG + AwayGDPerGame,7,GoalDiffLast5 + HomeShotsOnTargetLast5 + AwayPPG + AwayGDPerGame,0.5386075949367088,-0.004430379746835467,0.9824226643262259,0.0044003997200182665
EloDiff + XGDDiffLast5 + GoalsPerGameDiff + GoalDiffLast5 + HomeShotsOnTargetLast5 + HomeShotsOnTargetAgainstLast5 + AwayGDPerGame,7,GoalDiffLast5 + HomeShotsOnTargetLast5 + HomeShotsOnTargetAgainstLast5 + AwayGDPerGame,0.5430379746835443,0.0,0.9821104614011766,0.004088196794968968
EloDiff + XGDDiffLast5 + GoalsPerGameDiff + GoalDiffLast5 + AwayGoalsLast5 + AwayPPG + HomeShotsOnTargetAgainstLast5,7,GoalDiffLast5 + AwayGoalsLast5 + AwayPPG + HomeShotsOnTargetAgainstLast5,0.5417721518987342,-0.0012658227848101333,0.9813704464706984,0.003348181864490707
EloDiff + XGDDiffLast5 + GoalsPerGameDiff + GoalDiffLast5 + AwayGoalsLast5 + AwayPPG + AwayGDPerGame,7,GoalDiffLast5 + AwayGoalsLast5 + AwayPPG + AwayGDPerGame,0.5348101265822784,-0.008227848101265867,0.9817786727545192,0.003756408148311574
EloDiff + XGDDiffLast5 + GoalsPerGameDiff + GoalDiffLast5 + AwayGoalsLast5 + HomeShotsOnTargetAgainstLast5 + AwayGDPerGame,7,GoalDiffLast5 + AwayGoalsLast5 + HomeShotsOnTargetAgainstLast5 + AwayGDPerGame,0.5360759493670886,-0.006962025316455733,0.9820224038940373,0.004000139287829607
EloDiff + XGDDiffLast5 + GoalsPerGameDiff + GoalDiffLast5 + AwayPPG + HomeShotsOnTargetAgainstLast5 + AwayGDPerGame,7,GoalDiffLast5 + AwayPPG + HomeShotsOnTargetAgainstLast5 + AwayGDPerGame,0.5424050632911392,-0.0006329113924050667,0.9825276051693976,0.0045053405631899635
EloDiff + XGDDiffLast5 + GoalsPerGameDiff + HomePointsLast5 + AwayPointsLast5 + HomeShotsOnTargetLast5 + AwayGoalsLast5,7,HomePointsLast5 + AwayPointsLast5 + HomeShotsOnTargetLast5 + AwayGoalsLast5,0.5373417721518987,-0.0056962025316456,0.9805996923759226,0.002577427769714924
EloDiff + XGDDiffLast5 + GoalsPerGameDiff + HomePointsLast5 + AwayPointsLast5 + HomeShotsOnTargetLast5 + AwayPPG,7,HomePointsLast5 + AwayPointsLast5 + HomeShotsOnTargetLast5 + AwayPPG,0.5348101265822784,-0.008227848101265867,0.9786380639565971,0.0006157993503894676
EloDiff + XGDDiffLast5 + GoalsPerGameDiff + HomePointsLast5 + AwayPointsLast5 + HomeShotsOnTargetLast5 + HomeShotsOnTargetAgainstLast5,7,HomePointsLast5 + AwayPointsLast5 + HomeShotsOnTargetLast5 + HomeShotsOnTargetAgainstLast5,0.5373417721518987,-0.0056962025316456,0.9789795082069629,0.0009572436007552199
EloDiff + XGDDiffLast5 + GoalsPerGameDiff + HomePointsLast5 + AwayPointsLast5 + HomeShotsOnTargetLast5 + AwayGDPerGame,7,HomePointsLast5 + AwayPointsLast5 + HomeShotsOnTargetLast5 + AwayGDPerGame,0.5316455696202531,-0.0113924050632912,0.9786577518198223,0.0006354872136146161
EloDiff + XGDDiffLast5 + GoalsPerGameDiff + HomePointsLast5 + AwayPointsLast5 + AwayGoalsLast5 + AwayPPG,7,HomePointsLast5 + AwayPointsLast5 + AwayGoalsLast5 + AwayPPG,0.5341772151898734,-0.008860759493670933,0.9797718356437345,0.0017495710375268203
EloDiff + XGDDiffLast5 + GoalsPerGameDiff + HomePointsLast5 + AwayPointsLast5 + AwayGoalsLast5 + HomeShotsOnTargetAgainstLast5,7,HomePointsLast5 + AwayPointsLast5 + AwayGoalsLast5 + HomeShotsOnTargetAgainstLast5,0.5386075949367088,-0.004430379746835467,0.9794959427190053,0.0014736781127976384
EloDiff + XGDDiffLast5 + GoalsPerGameDiff + HomePointsLast5 + AwayPointsLast5 + AwayGoalsLast5 + AwayGDPerGame,7,HomePointsLast5 + AwayPointsLast5 + AwayGoalsLast5 + AwayGDPerGame,0.5354430379746835,-0.0075949367088608,0.9800106047692418,0.0019883401630341746
EloDiff + XGDDiffLast5 + GoalsPerGameDiff + HomePointsLast5 + AwayPointsLast5 + AwayPPG + HomeShotsOnTargetAgainstLast5,7,HomePointsLast5 + AwayPointsLast5 + AwayPPG + HomeShotsOnTargetAgainstLast5,0.5354430379746835,-0.0075949367088608,0.9791399612102796,0.001117696604071905
EloDiff + XGDDiffLast5 + GoalsPerGameDiff + HomePointsLast5 + AwayPointsLast5 + AwayPPG + AwayGDPerGame,7,HomePointsLast5 + AwayPointsLast5 + AwayPPG + AwayGDPerGame,0.530379746835443,-0.012658227848101333,0.9795184315989266,0.001496166992718928
EloDiff + XGDDiffLast5 + GoalsPerGameDiff + HomePointsLast5 + AwayPointsLast5 + HomeShotsOnTargetAgainstLast5 + AwayGDPerGame,7,HomePointsLast5 + AwayPointsLast5 + HomeShotsOnTargetAgainstLast5 + AwayGDPerGame,0.5322784810126582,-0.010759493670886133,0.9794295231444874,0.001407258538279721
EloDiff + XGDDiffLast5 + GoalsPerGameDiff + HomePointsLast5 + HomeShotsOnTargetLast5 + AwayGoalsLast5 + AwayPPG,7,HomePointsLast5 + HomeShotsOnTargetLast5 + AwayGoalsLast5 + AwayPPG,0.5411392405063291,-0.0018987341772152,0.9817352492303872,0.0037129846241795716
EloDiff + XGDDiffLast5 + GoalsPerGameDiff + HomePointsLast5 + HomeShotsOnTargetLast5 + AwayGoalsLast5 + HomeShotsOnTargetAgainstLast5,7,HomePointsLast5 + HomeShotsOnTargetLast5 + AwayGoalsLast5 + HomeShotsOnTargetAgainstLast5,0.540506329113924,-0.0025316455696202667,0.981434825885293,0.003412561279085291
EloDiff + XGDDiffLast5 + GoalsPerGameDiff + HomePointsLast5 + HomeShotsOnTargetLast5 + AwayGoalsLast5 + AwayGDPerGame,7,HomePointsLast5 + HomeShotsOnTargetLast5 + AwayGoalsLast5 + AwayGDPerGame,0.5354430379746835,-0.0075949367088608,0.9821973207682799,0.004175056162072255
EloDiff + XGDDiffLast5 + GoalsPerGameDiff + HomePointsLast5 + HomeShotsOnTargetLast5 + AwayPPG + HomeShotsOnTargetAgainstLast5,7,HomePointsLast5 + HomeShotsOnTargetLast5 + AwayPPG + HomeShotsOnTargetAgainstLast5,0.539873417721519,-0.0031645569620253333,0.9804779619921806,0.0024556973859729547
EloDiff + XGDDiffLast5 + GoalsPerGameDiff + HomePointsLast5 + HomeShotsOnTargetLast5 + AwayPPG + AwayGDPerGame,7,HomePointsLast5 + HomeShotsOnTargetLast5 + AwayPPG + AwayGDPerGame,0.5386075949367088,-0.004430379746835467,0.9814346698999523,0.003412405293744647
EloDiff + XGDDiffLast5 + GoalsPerGameDiff + HomePointsLast5 + HomeShotsOnTargetLast5 + HomeShotsOnTargetAgainstLast5 + AwayGDPerGame,7,HomePointsLast5 + HomeShotsOnTargetLast5 + HomeShotsOnTargetAgainstLast5 + AwayGDPerGame,0.5411392405063291,-0.0018987341772152,0.9806714308221244,0.0026491662159167095
EloDiff + XGDDiffLast5 + GoalsPerGameDiff + HomePointsLast5 + AwayGoalsLast5 + AwayPPG + HomeShotsOnTargetAgainstLast5,7,HomePointsLast5 + AwayGoalsLast5 + AwayPPG + HomeShotsOnTargetAgainstLast5,0.5411392405063291,-0.0018987341772152,0.980531969139738,0.002509704533530277
EloDiff + XGDDiffLast5 + GoalsPerGameDiff + HomePointsLast5 + AwayGoalsLast5 + AwayPPG + AwayGDPerGame,7,HomePointsLast5 + AwayGoalsLast5 + AwayPPG + AwayGDPerGame,0.5373417721518987,-0.0056962025316456,0.9810973373248288,0.0030750727186211746
EloDiff + XGDDiffLast5 + GoalsPerGameDiff + HomePointsLast5 + AwayGoalsLast5 + HomeShotsOnTargetAgainstLast5 + AwayGDPerGame,7,HomePointsLast5 + AwayGoalsLast5 + HomeShotsOnTargetAgainstLast5 + AwayGDPerGame,0.5379746835443038,-0.005063291139240533,0.9809429151254474,0.0029206505192397314
EloDiff + XGDDiffLast5 + GoalsPerGameDiff + HomePointsLast5 + AwayPPG + HomeShotsOnTargetAgainstLast5 + AwayGDPerGame,7,HomePointsLast5 + AwayPPG + HomeShotsOnTargetAgainstLast5 + AwayGDPerGame,0.5392405063291139,-0.0037974683544304,0.9814646237825879,0.0034423591763802497
EloDiff + XGDDiffLast5 + GoalsPerGameDiff + AwayPointsLast5 + HomeShotsOnTargetLast5 + AwayGoalsLast5 + AwayPPG,7,AwayPointsLast5 + HomeShotsOnTargetLast5 + AwayGoalsLast5 + AwayPPG,0.5348101265822784,-0.008227848101265867,0.981373421570314,0.003351156964106372
EloDiff + XGDDiffLast5 + GoalsPerGameDiff + AwayPointsLast5 + HomeShotsOnTargetLast5 + AwayGoalsLast5 + HomeShotsOnTargetAgainstLast5,7,AwayPointsLast5 + HomeShotsOnTargetLast5 + AwayGoalsLast5 + HomeShotsOnTargetAgainstLast5,0.5354430379746835,-0.0075949367088608,0.9825107424641566,0.004488477857948925
EloDiff + XGDDiffLast5 + GoalsPerGameDiff + AwayPointsLast5 + HomeShotsOnTargetLast5 + AwayGoalsLast5 + AwayGDPerGame,7,AwayPointsLast5 + HomeShotsOnTargetLast5 + AwayGoalsLast5 + AwayGDPerGame,0.5329113924050632,-0.010126582278481067,0.9822283986931126,0.004206134086904956
EloDiff + XGDDiffLast5 + GoalsPerGameDiff + AwayPointsLast5 + HomeShotsOnTargetLast5 + AwayPPG + HomeShotsOnTargetAgainstLast5,7,AwayPointsLast5 + HomeShotsOnTargetLast5 + AwayPPG + HomeShotsOnTargetAgainstLast5,0.5386075949367088,-0.004430379746835467,0.9802093104864102,0.002187045880202576
EloDiff + XGDDiffLast5 + GoalsPerGameDiff + AwayPointsLast5 + HomeShotsOnTargetLast5 + AwayPPG + AwayGDPerGame,7,AwayPointsLast5 + HomeShotsOnTargetLast5 + AwayPPG + AwayGDPerGame,0.531012658227848,-0.012025316455696267,0.9805185818691424,0.002496317262934755
EloDiff + XGDDiffLast5 + GoalsPerGameDiff + AwayPointsLast5 + HomeShotsOnTargetLast5 + HomeShotsOnTargetAgainstLast5 + AwayGDPerGame,7,AwayPointsLast5 + HomeShotsOnTargetLast5 + HomeShotsOnTargetAgainstLast5 + AwayGDPerGame,0.5329113924050632,-0.010126582278481067,0.980563629008579,0.0025413644023712934
EloDiff + XGDDiffLast5 + GoalsPerGameDiff + AwayPointsLast5 + AwayGoalsLast5 + AwayPPG + HomeShotsOnTargetAgainstLast5,7,AwayPointsLast5 + AwayGoalsLast5 + AwayPPG + HomeShotsOnTargetAgainstLast5,0.540506329113924,-0.0025316455696202667,0.9798957823024693,0.0018735176962616507
EloDiff + XGDDiffLast5 + GoalsPerGameDiff + AwayPointsLast5 + AwayGoalsLast5 + AwayPPG + AwayGDPerGame,7,AwayPointsLast5 + AwayGoalsLast5 + AwayPPG + AwayGDPerGame,0.5348101265822784,-0.008227848101265867,0.9802731008258476,0.002250836219639951
EloDiff + XGDDiffLast5 + GoalsPerGameDiff + AwayPointsLast5 + AwayGoalsLast5 + HomeShotsOnTargetAgainstLast5 + AwayGDPerGame,7,AwayPointsLast5 + AwayGoalsLast5 + HomeShotsOnTargetAgainstLast5 + AwayGDPerGame,0.5322784810126582,-0.010759493670886133,0.9806521164778171,0.0026298518716094677
EloDiff + XGDDiffLast5 + GoalsPerGameDiff + AwayPointsLast5 + AwayPPG + HomeShotsOnTargetAgainstLast5 + AwayGDPerGame,7,AwayPointsLast5 + AwayPPG + HomeShotsOnTargetAgainstLast5 + AwayGDPerGame,0.5316455696202531,-0.0113924050632912,0.9798151891570042,0.001792924550796493
EloDiff + XGDDiffLast5 + GoalsPerGameDiff + HomeShotsOnTargetLast5 + AwayGoalsLast5 + AwayPPG + HomeShotsOnTargetAgainstLast5,7,HomeShotsOnTargetLast5 + AwayGoalsLast5 + AwayPPG + HomeShotsOnTargetAgainstLast5,0.5373417721518987,-0.0056962025316456,0.9835681254763902,0.005545860870182495
EloDiff + XGDDiffLast5 + GoalsPerGameDiff + HomeShotsOnTargetLast5 + AwayGoalsLast5 + AwayPPG + AwayGDPerGame,7,HomeShotsOnTargetLast5 + AwayGoalsLast5 + AwayPPG + AwayGDPerGame,0.5329113924050632,-0.010126582278481067,0.9840690374889774,0.00604677288276978
EloDiff + XGDDiffLast5 + GoalsPerGameDiff + HomeShotsOnTargetLast5 + AwayGoalsLast5 + HomeShotsOnTargetAgainstLast5 + AwayGDPerGame,7,HomeShotsOnTargetLast5 + AwayGoalsLast5 + HomeShotsOnTargetAgainstLast5 + AwayGDPerGame,0.5329113924050632,-0.010126582278481067,0.984154201073939,0.006131936467731358
EloDiff + XGDDiffLast5 + GoalsPerGameDiff + HomeShotsOnTargetLast5 + AwayPPG + HomeShotsOnTargetAgainstLast5 + AwayGDPerGame,7,HomeShotsOnTargetLast5 + AwayPPG + HomeShotsOnTargetAgainstLast5 + AwayGDPerGame,0.5392405063291139,-0.0037974683544304,0.9828963147548393,0.004874050148631626
EloDiff + XGDDiffLast5 + GoalsPerGameDiff + AwayGoalsLast5 + AwayPPG + HomeShotsOnTargetAgainstLast5 + AwayGDPerGame,7,AwayGoalsLast5 + AwayPPG + HomeShotsOnTargetAgainstLast5 + AwayGDPerGame,0.5367088607594936,-0.006329113924050667,0.9815728400353111,0.0035505754291034197
EloDiff + XGDDiffLast5 + GoalsPerGameDiff + GoalDiffLast5 + HomePointsLast5 + AwayPointsLast5 + HomeShotsOnTargetLast5 + AwayGoalsLast5,8,GoalDiffLast5 + HomePointsLast5 + AwayPointsLast5 + HomeShotsOnTargetLast5 + AwayGoalsLast5,0.5386075949367088,-0.004430379746835467,0.9817994561786456,0.0037771915724379435
EloDiff + XGDDiffLast5 + GoalsPerGameDiff + GoalDiffLast5 + HomePointsLast5 + AwayPointsLast5 + HomeShotsOnTargetLast5 + AwayPPG,8,GoalDiffLast5 + HomePointsLast5 + AwayPointsLast5 + HomeShotsOnTargetLast5 + AwayPPG,0.5335443037974683,-0.009493670886076,0.9794599142906748,0.001437649684467135
EloDiff + XGDDiffLast5 + GoalsPerGameDiff + GoalDiffLast5 + HomePointsLast5 + AwayPointsLast5 + HomeShotsOnTargetLast5 + HomeShotsOnTargetAgainstLast5,8,GoalDiffLast5 + HomePointsLast5 + AwayPointsLast5 + HomeShotsOnTargetLast5 + HomeShotsOnTargetAgainstLast5,0.540506329113924,-0.0025316455696202667,0.9797314873958678,0.0017092227896601253
EloDiff + XGDDiffLast5 + GoalsPerGameDiff + GoalDiffLast5 + HomePointsLast5 + AwayPointsLast5 + HomeShotsOnTargetLast5 + AwayGDPerGame,8,GoalDiffLast5 + HomePointsLast5 + AwayPointsLast5 + HomeShotsOnTargetLast5 + AwayGDPerGame,0.5341772151898734,-0.008860759493670933,0.9794515089864266,0.0014292443802189636
EloDiff + XGDDiffLast5 + GoalsPerGameDiff + GoalDiffLast5 + HomePointsLast5 + AwayPointsLast5 + AwayGoalsLast5 + AwayPPG,8,GoalDiffLast5 + HomePointsLast5 + AwayPointsLast5 + AwayGoalsLast5 + AwayPPG,0.5329113924050632,-0.010126582278481067,0.9803166981869568,0.0022944335807491
EloDiff + XGDDiffLast5 + GoalsPerGameDiff + GoalDiffLast5 + HomePointsLast5 + AwayPointsLast5 + AwayGoalsLast5 + HomeShotsOnTargetAgainstLast5,8,GoalDiffLast5 + HomePointsLast5 + AwayPointsLast5 + AwayGoalsLast5 + HomeShotsOnTargetAgainstLast5,0.5360759493670886,-0.006962025316455733,0.9801694663920728,0.002147201785865138
EloDiff + XGDDiffLast5 + GoalsPerGameDiff + GoalDiffLast5 + HomePointsLast5 + AwayPointsLast5 + AwayGoalsLast5 + AwayGDPerGame,8,GoalDiffLast5 + HomePointsLast5 + AwayPointsLast5 + AwayGoalsLast5 + AwayGDPerGame,0.5341772151898734,-0.008860759493670933,0.9808568118911346,0.002834547284926936
EloDiff + XGDDiffLast5 + GoalsPerGameDiff + GoalDiffLast5 + HomePointsLast5 + AwayPointsLast5 + AwayPPG + HomeShotsOnTargetAgainstLast5,8,GoalDiffLast5 + HomePointsLast5 + AwayPointsLast5 + AwayPPG + HomeShotsOnTargetAgainstLast5,0.5341772151898734,-0.008860759493670933,0.9799994478236929,0.00197718321748519
EloDiff + XGDDiffLast5 + GoalsPerGameDiff + GoalDiffLast5 + HomePointsLast5 + AwayPointsLast5 + AwayPPG + AwayGDPerGame,8,GoalDiffLast5 + HomePointsLast5 + AwayPointsLast5 + AwayPPG + AwayGDPerGame,0.5329113924050632,-0.010126582278481067,0.9804283264840825,0.0024060618778748433
EloDiff + XGDDiffLast5 + GoalsPerGameDiff + GoalDiffLast5 + HomePointsLast5 + AwayPointsLast5 + HomeShotsOnTargetAgainstLast5 + AwayGDPerGame,8,GoalDiffLast5 + HomePointsLast5 + AwayPointsLast5 + HomeShotsOnTargetAgainstLast5 + AwayGDPerGame,0.5329113924050632,-0.010126582278481067,0.980321928866722,0.0022996642605143114
EloDiff + XGDDiffLast5 + GoalsPerGameDiff + GoalDiffLast5 + HomePointsLast5 + HomeShotsOnTargetLast5 + AwayGoalsLast5 + AwayPPG,8,GoalDiffLast5 + HomePointsLast5 + HomeShotsOnTargetLast5 + AwayGoalsLast5 + AwayPPG,0.5386075949367088,-0.004430379746835467,0.9830758587152507,0.005053594109043047
EloDiff + XGDDiffLast5 + GoalsPerGameDiff + GoalDiffLast5 + HomePointsLast5 + HomeShotsOnTargetLast5 + AwayGoalsLast5 + HomeShotsOnTargetAgainstLast5,8,GoalDiffLast5 + HomePointsLast5 + HomeShotsOnTargetLast5 + AwayGoalsLast5 + HomeShotsOnTargetAgainstLast5,0.5392405063291139,-0.0037974683544304,0.98297306556723,0.004950800961022295
EloDiff + XGDDiffLast5 + GoalsPerGameDiff + GoalDiffLast5 + HomePointsLast5 + HomeShotsOnTargetLast5 + AwayGoalsLast5 + AwayGDPerGame,8,GoalDiffLast5 + HomePointsLast5 + HomeShotsOnTargetLast5 + AwayGoalsLast5 + AwayGDPerGame,0.5341772151898734,-0.008860759493670933,0.9841810180843262,0.0061587534781185616
EloDiff + XGDDiffLast5 + GoalsPerGameDiff + GoalDiffLast5 + HomePointsLast5 + HomeShotsOnTargetLast5 + AwayPPG + HomeShotsOnTargetAgainstLast5,8,GoalDiffLast5 + HomePointsLast5 + HomeShotsOnTargetLast5 + AwayPPG + HomeShotsOnTargetAgainstLast5,0.5411392405063291,-0.0018987341772152,0.9810031268285455,0.0029808622223378434
EloDiff + XGDDiffLast5 + GoalsPerGameDiff + GoalDiffLast5 + HomePointsLast5 + HomeShotsOnTargetLast5 + AwayPPG + AwayGDPerGame,8,GoalDiffLast5 + HomePointsLast5 + HomeShotsOnTargetLast5 + AwayPPG + AwayGDPerGame,0.5379746835443038,-0.005063291139240533,0.9816663862334425,0.00364412162723482
EloDiff + XGDDiffLast5 + GoalsPerGameDiff + GoalDiffLast5 + HomePointsLast5 + HomeShotsOnTargetLast5 + HomeShotsOnTargetAgainstLast5 + AwayGDPerGame,8,GoalDiffLast5 + HomePointsLast5 + HomeShotsOnTargetLast5 + HomeShotsOnTargetAgainstLast5 + AwayGDPerGame,0.540506329113924,-0.0025316455696202667,0.9810281097930179,0.003005845186810241
EloDiff + XGDDiffLast5 + GoalsPerGameDiff + GoalDiffLast5 + HomePointsLast5 + AwayGoalsLast5 + AwayPPG + HomeShotsOnTargetAgainstLast5,8,GoalDiffLast5 + HomePointsLast5 + AwayGoalsLast5 + AwayPPG + HomeShotsOnTargetAgainstLast5,0.5411392405063291,-0.0018987341772152,0.9813276419559683,0.003305377349760663
EloDiff + XGDDiffLast5 + GoalsPerGameDiff + GoalDiffLast5 + HomePointsLast5 + AwayGoalsLast5 + AwayPPG + AwayGDPerGame,8,GoalDiffLast5 + HomePointsLast5 + AwayGoalsLast5 + AwayPPG + AwayGDPerGame,0.5373417721518987,-0.0056962025316456,0.9821445551111883,0.004122290504980586
EloDiff + XGDDiffLast5 + GoalsPerGameDiff + GoalDiffLast5 + HomePointsLast5 + AwayGoalsLast5 + HomeShotsOnTargetAgainstLast5 + AwayGDPerGame,8,GoalDiffLast5 + HomePointsLast5 + AwayGoalsLast5 + HomeShotsOnTargetAgainstLast5 + AwayGDPerGame,0.5367088607594936,-0.006329113924050667,0.9818575398631106,0.0038352752569029702
EloDiff + XGDDiffLast5 + GoalsPerGameDiff + GoalDiffLast5 + HomePointsLast5 + AwayPPG + HomeShotsOnTargetAgainstLast5 + AwayGDPerGame,8,GoalDiffLast5 + HomePointsLast5 + AwayPPG + HomeShotsOnTargetAgainstLast5 + AwayGDPerGame,0.540506329113924,-0.0025316455696202667,0.9820860919205833,0.004063827314375601
EloDiff + XGDDiffLast5 + GoalsPerGameDiff + GoalDiffLast5 + AwayPointsLast5 + HomeShotsOnTargetLast5 + AwayGoalsLast5 + AwayPPG,8,GoalDiffLast5 + AwayPointsLast5 + HomeShotsOnTargetLast5 + AwayGoalsLast5 + AwayPPG,0.5348101265822784,-0.008227848101265867,0.9820076309902934,0.003985366384085753
EloDiff + XGDDiffLast5 + GoalsPerGameDiff + GoalDiffLast5 + AwayPointsLast5 + HomeShotsOnTargetLast5 + AwayGoalsLast5 + HomeShotsOnTargetAgainstLast5,8,GoalDiffLast5 + AwayPointsLast5 + HomeShotsOnTargetLast5 + AwayGoalsLast5 + HomeShotsOnTargetAgainstLast5,0.5392405063291139,-0.0037974683544304,0.9833669160560682,0.005344651449860516
EloDiff + XGDDiffLast5 + GoalsPerGameDiff + GoalDiffLast5 + AwayPointsLast5 + HomeShotsOnTargetLast5 + AwayGoalsLast5 + AwayGDPerGame,8,GoalDiffLast5 + AwayPointsLast5 + HomeShotsOnTargetLast5 + AwayGoalsLast5 + AwayGDPerGame,0.5316455696202531,-0.0113924050632912,0.9834225731743466,0.00540030856813889
EloDiff + XGDDiffLast5 + GoalsPerGameDiff + GoalDiffLast5 + AwayPointsLast5 + HomeShotsOnTargetLast5 + AwayPPG + HomeShotsOnTargetAgainstLast5,8,GoalDiffLast5 + AwayPointsLast5 + HomeShotsOnTargetLast5 + AwayPPG + HomeShotsOnTargetAgainstLast5,0.5360759493670886,-0.006962025316455733,0.9808068212720308,0.0027845566658231125
EloDiff + XGDDiffLast5 + GoalsPerGameDiff + GoalDiffLast5 + AwayPointsLast5 + HomeShotsOnTargetLast5 + AwayPPG + AwayGDPerGame,8,GoalDiffLast5 + AwayPointsLast5 + HomeShotsOnTargetLast5 + AwayPPG + AwayGDPerGame,0.531012658227848,-0.012025316455696267,0.9811117402222589,0.0030894756160512182
EloDiff + XGDDiffLast5 + GoalsPerGameDiff + GoalDiffLast5 + AwayPointsLast5 + HomeShotsOnTargetLast5 + HomeShotsOnTargetAgainstLast5 + AwayGDPerGame,8,GoalDiffLast5 + AwayPointsLast5 + HomeShotsOnTargetLast5 + HomeShotsOnTargetAgainstLast5 + AwayGDPerGame,0.5354430379746835,-0.0075949367088608,0.9810899297716844,0.0030676651654767406
EloDiff + XGDDiffLast5 + GoalsPerGameDiff + GoalDiffLast5 + AwayPointsLast5 + AwayGoalsLast5 + AwayPPG + HomeShotsOnTargetAgainstLast5,8,GoalDiffLast5 + AwayPointsLast5 + AwayGoalsLast5 + AwayPPG + HomeShotsOnTargetAgainstLast5,0.5373417721518987,-0.0056962025316456,0.9809149646232005,0.002892700016992822
EloDiff + XGDDiffLast5 + GoalsPerGameDiff + GoalDiffLast5 + AwayPointsLast5 + AwayGoalsLast5 + AwayPPG + AwayGDPerGame,8,GoalDiffLast5 + AwayPointsLast5 + AwayGoalsLast5 + AwayPPG + AwayGDPerGame,0.5354430379746835,-0.0075949367088608,0.9811808194574198,0.003158554851212081
EloDiff + XGDDiffLast5 + GoalsPerGameDiff + GoalDiffLast5 + AwayPointsLast5 + AwayGoalsLast5 + HomeShotsOnTargetAgainstLast5 + AwayGDPerGame,8,GoalDiffLast5 + AwayPointsLast5 + AwayGoalsLast5 + HomeShotsOnTargetAgainstLast5 + AwayGDPerGame,0.5335443037974683,-0.009493670886076,0.9815437636637133,0.0035214990575056504
EloDiff + XGDDiffLast5 + GoalsPerGameDiff + GoalDiffLast5 + AwayPointsLast5 + AwayPPG + HomeShotsOnTargetAgainstLast5 + AwayGDPerGame,8,GoalDiffLast5 + AwayPointsLast5 + AwayPPG + HomeShotsOnTargetAgainstLast5 + AwayGDPerGame,0.5335443037974683,-0.009493670886076,0.9808100632185116,0.0027877986123039378
EloDiff + XGDDiffLast5 + GoalsPerGameDiff + GoalDiffLast5 + HomeShotsOnTargetLast5 + AwayGoalsLast5 + AwayPPG + HomeShotsOnTargetAgainstLast5,8,GoalDiffLast5 + HomeShotsOnTargetLast5 + AwayGoalsLast5 + AwayPPG + HomeShotsOnTargetAgainstLast5,0.5379746835443038,-0.005063291139240533,0.9845526985033626,0.006530433897154908
EloDiff + XGDDiffLast5 + GoalsPerGameDiff + GoalDiffLast5 + HomeShotsOnTargetLast5 + AwayGoalsLast5 + AwayPPG + AwayGDPerGame,8,GoalDiffLast5 + HomeShotsOnTargetLast5 + AwayGoalsLast5 + AwayPPG + AwayGDPerGame,0.5348101265822784,-0.008227848101265867,0.9853449990129134,0.007322734406705722
EloDiff + XGDDiffLast5 + GoalsPerGameDiff + GoalDiffLast5 + HomeShotsOnTargetLast5 + AwayGoalsLast5 + HomeShotsOnTargetAgainstLast5 + AwayGDPerGame,8,GoalDiffLast5 + HomeShotsOnTargetLast5 + AwayGoalsLast5 + HomeShotsOnTargetAgainstLast5 + AwayGDPerGame,0.5348101265822784,-0.008227848101265867,0.9853704286334107,0.0073481640272030635
EloDiff + XGDDiffLast5 + GoalsPerGameDiff + GoalDiffLast5 + HomeShotsOnTargetLast5 + AwayPPG + HomeShotsOnTargetAgainstLast5 + AwayGDPerGame,8,GoalDiffLast5 + HomeShotsOnTargetLast5 + AwayPPG + HomeShotsOnTargetAgainstLast5 + AwayGDPerGame,0.5411392405063291,-0.0018987341772152,0.9832094324966862,0.005187167890478572
EloDiff + XGDDiffLast5 + GoalsPerGameDiff + GoalDiffLast5 + AwayGoalsLast5 + AwayPPG + HomeShotsOnTargetAgainstLast5 + AwayGDPerGame,8,GoalDiffLast5 + AwayGoalsLast5 + AwayPPG + HomeShotsOnTargetAgainstLast5 + AwayGDPerGame,0.5367088607594936,-0.006329113924050667,0.9823880900343521,0.004365825428144454
EloDiff + XGDDiffLast5 + GoalsPerGameDiff + HomePointsLast5 + AwayPointsLast5 + HomeShotsOnTargetLast5 + AwayGoalsLast5 + AwayPPG,8,HomePointsLast5 + AwayPointsLast5 + HomeShotsOnTargetLast5 + AwayGoalsLast5 + AwayPPG,0.5348101265822784,-0.008227848101265867,0.9813446094984215,0.0033223448922138354
EloDiff + XGDDiffLast5 + GoalsPerGameDiff + HomePointsLast5 + AwayPointsLast5 + HomeShotsOnTargetLast5 + AwayGoalsLast5 + HomeShotsOnTargetAgainstLast5,8,HomePointsLast5 + AwayPointsLast5 + HomeShotsOnTargetLast5 + AwayGoalsLast5 + HomeShotsOnTargetAgainstLast5,0.5379746835443038,-0.005063291139240533,0.981864996184524,0.003842731578316383
EloDiff + XGDDiffLast5 + GoalsPerGameDiff + HomePointsLast5 + AwayPointsLast5 + HomeShotsOnTargetLast5 + AwayGoalsLast5 + AwayGDPerGame,8,HomePointsLast5 + AwayPointsLast5 + HomeShotsOnTargetLast5 + AwayGoalsLast5 + AwayGDPerGame,0.5329113924050632,-0.010126582278481067,0.9819093100361552,0.0038870454299475554
EloDiff + XGDDiffLast5 + GoalsPerGameDiff + HomePointsLast5 + AwayPointsLast5 + HomeShotsOnTargetLast5 + AwayPPG + HomeShotsOnTargetAgainstLast5,8,HomePointsLast5 + AwayPointsLast5 + HomeShotsOnTargetLast5 + AwayPPG + HomeShotsOnTargetAgainstLast5,0.5373417721518987,-0.0056962025316456,0.9797172130048775,0.0016949483986697933
EloDiff + XGDDiffLast5 + GoalsPerGameDiff + HomePointsLast5 + AwayPointsLast5 + HomeShotsOnTargetLast5 + AwayPPG + AwayGDPerGame,8,HomePointsLast5 + AwayPointsLast5 + HomeShotsOnTargetLast5 + AwayPPG + AwayGDPerGame,0.5322784810126582,-0.010759493670886133,0.9801935961430637,0.0021713315368560027
EloDiff + XGDDiffLast5 + GoalsPerGameDiff + HomePointsLast5 + AwayPointsLast5 + HomeShotsOnTargetLast5 + HomeShotsOnTargetAgainstLast5 + AwayGDPerGame,8,HomePointsLast5 + AwayPointsLast5 + HomeShotsOnTargetLast5 + HomeShotsOnTargetAgainstLast5 + AwayGDPerGame,0.5354430379746835,-0.0075949367088608,0.979838683383296,0.00181641877708838
EloDiff + XGDDiffLast5 + GoalsPerGameDiff + HomePointsLast5 + AwayPointsLast5 + AwayGoalsLast5 + AwayPPG + HomeShotsOnTargetAgainstLast5,8,HomePointsLast5 + AwayPointsLast5 + AwayGoalsLast5 + AwayPPG + HomeShotsOnTargetAgainstLast5,0.5316455696202531,-0.0113924050632912,0.980503730508584,0.002481465902376301
EloDiff + XGDDiffLast5 + GoalsPerGameDiff + HomePointsLast5 + AwayPointsLast5 + AwayGoalsLast5 + AwayPPG + AwayGDPerGame,8,HomePointsLast5 + AwayPointsLast5 + AwayGoalsLast5 + AwayPPG + AwayGDPerGame,0.5322784810126582,-0.010759493670886133,0.9807790484357917,0.0027567838295839975
EloDiff + XGDDiffLast5 + GoalsPerGameDiff + HomePointsLast5 + AwayPointsLast5 + AwayGoalsLast5 + HomeShotsOnTargetAgainstLast5 + AwayGDPerGame,8,HomePointsLast5 + AwayPointsLast5 + AwayGoalsLast5 + HomeShotsOnTargetAgainstLast5 + AwayGDPerGame,0.5329113924050632,-0.010126582278481067,0.9808844496795434,0.002862185073335688
EloDiff + XGDDiffLast5 + GoalsPerGameDiff + HomePointsLast5 + AwayPointsLast5 + AwayPPG + HomeShotsOnTargetAgainstLast5 + AwayGDPerGame,8,HomePointsLast5 + AwayPointsLast5 + AwayPPG + HomeShotsOnTargetAgainstLast5 + AwayGDPerGame,0.5316455696202531,-0.0113924050632912,0.98013824049733,0.0021159758911223348
EloDiff + XGDDiffLast5 + GoalsPerGameDiff + HomePointsLast5 + HomeShotsOnTargetLast5 + AwayGoalsLast5 + AwayPPG + HomeShotsOnTargetAgainstLast5,8,HomePointsLast5 + HomeShotsOnTargetLast5 + AwayGoalsLast5 + AwayPPG + HomeShotsOnTargetAgainstLast5,0.5386075949367088,-0.004430379746835467,0.9825808733190329,0.004558608712825207
EloDiff + XGDDiffLast5 + GoalsPerGameDiff + HomePointsLast5 + HomeShotsOnTargetLast5 + AwayGoalsLast5 + AwayPPG + AwayGDPerGame,8,HomePointsLast5 + HomeShotsOnTargetLast5 + AwayGoalsLast5 + AwayPPG + AwayGDPerGame,0.5335443037974683,-0.009493670886076,0.9832870697969225,0.005264805190714816
EloDiff + XGDDiffLast5 + GoalsPerGameDiff + HomePointsLast5 + HomeShotsOnTargetLast5 + AwayGoalsLast5 + HomeShotsOnTargetAgainstLast5 + AwayGDPerGame,8,HomePointsLast5 + HomeShotsOnTargetLast5 + AwayGoalsLast5 + HomeShotsOnTargetAgainstLast5 + AwayGDPerGame,0.5335443037974683,-0.009493670886076,0.9828921363917832,0.004869871785575519
EloDiff + XGDDiffLast5 + GoalsPerGameDiff + HomePointsLast5 + HomeShotsOnTargetLast5 + AwayPPG + HomeShotsOnTargetAgainstLast5 + AwayGDPerGame,8,HomePointsLast5 + HomeShotsOnTargetLast5 + AwayPPG + HomeShotsOnTargetAgainstLast5 + AwayGDPerGame,0.540506329113924,-0.0025316455696202667,0.9817139636449209,0.0036916990387132476
EloDiff + XGDDiffLast5 + GoalsPerGameDiff + HomePointsLast5 + AwayGoalsLast5 + AwayPPG + HomeShotsOnTargetAgainstLast5 + AwayGDPerGame,8,HomePointsLast5 + AwayGoalsLast5 + AwayPPG + HomeShotsOnTargetAgainstLast5 + AwayGDPerGame,0.5360759493670886,-0.006962025316455733,0.981439969733757,0.003417705127549353
EloDiff + XGDDiffLast5 + GoalsPerGameDiff + AwayPointsLast5 + HomeShotsOnTargetLast5 + AwayGoalsLast5 + AwayPPG + HomeShotsOnTargetAgainstLast5,8,AwayPointsLast5 + HomeShotsOnTargetLast5 + AwayGoalsLast5 + AwayPPG + HomeShotsOnTargetAgainstLast5,0.5329113924050632,-0.010126582278481067,0.9830526313441659,0.005030366737958203
EloDiff + XGDDiffLast5 + GoalsPerGameDiff + AwayPointsLast5 + HomeShotsOnTargetLast5 + AwayGoalsLast5 + AwayPPG + AwayGDPerGame,8,AwayPointsLast5 + HomeShotsOnTargetLast5 + AwayGoalsLast5 + AwayPPG + AwayGDPerGame,0.5322784810126582,-0.010759493670886133,0.9832648811752636,0.005242616569055891
EloDiff + XGDDiffLast5 + GoalsPerGameDiff + AwayPointsLast5 + HomeShotsOnTargetLast5 + AwayGoalsLast5 + HomeShotsOnTargetAgainstLast5 + AwayGDPerGame,8,AwayPointsLast5 + HomeShotsOnTargetLast5 + AwayGoalsLast5 + HomeShotsOnTargetAgainstLast5 + AwayGDPerGame,0.531012658227848,-0.012025316455696267,0.9835691873929531,0.005546922786745401
EloDiff + XGDDiffLast5 + GoalsPerGameDiff + AwayPointsLast5 + HomeShotsOnTargetLast5 + AwayPPG + HomeShotsOnTargetAgainstLast5 + AwayGDPerGame,8,AwayPointsLast5 + HomeShotsOnTargetLast5 + AwayPPG + HomeShotsOnTargetAgainstLast5 + AwayGDPerGame,0.5322784810126582,-0.010759493670886133,0.9815107413598397,0.0034884767536320638
EloDiff + XGDDiffLast5 + GoalsPerGameDiff + AwayPointsLast5 + AwayGoalsLast5 + AwayPPG + HomeShotsOnTargetAgainstLast5 + AwayGDPerGame,8,AwayPointsLast5 + AwayGoalsLast5 + AwayPPG + HomeShotsOnTargetAgainstLast5 + AwayGDPerGame,0.5322784810126582,-0.010759493670886133,0.9811362790055315,0.0031140143993237945
EloDiff + XGDDiffLast5 + GoalsPerGameDiff + HomeShotsOnTargetLast5 + AwayGoalsLast5 + AwayPPG + HomeShotsOnTargetAgainstLast5 + AwayGDPerGame,8,HomeShotsOnTargetLast5 + AwayGoalsLast5 + AwayPPG + HomeShotsOnTargetAgainstLast5 + AwayGDPerGame,0.531012658227848,-0.012025316455696267,0.9847483098116054,0.006726045205397768
EloDiff + XGDDiffLast5 + GoalsPerGameDiff + GoalDiffLast5 + HomePointsLast5 + AwayPointsLast5 + HomeShotsOnTargetLast5 + AwayGoalsLast5 + AwayPPG,9,GoalDiffLast5 + HomePointsLast5 + AwayPointsLast5 + HomeShotsOnTargetLast5 + AwayGoalsLast5 + AwayPPG,0.5322784810126582,-0.010759493670886133,0.9825011632802303,0.004478898674022624
EloDiff + XGDDiffLast5 + GoalsPerGameDiff + GoalDiffLast5 + HomePointsLast5 + AwayPointsLast5 + HomeShotsOnTargetLast5 + AwayGoalsLast5 + HomeShotsOnTargetAgainstLast5,9,GoalDiffLast5 + HomePointsLast5 + AwayPointsLast5 + HomeShotsOnTargetLast5 + AwayGoalsLast5 + HomeShotsOnTargetAgainstLast5,0.5373417721518987,-0.0056962025316456,0.9831378897564367,0.005115625150229008
EloDiff + XGDDiffLast5 + GoalsPerGameDiff + GoalDiffLast5 + HomePointsLast5 + AwayPointsLast5 + HomeShotsOnTargetLast5 + AwayGoalsLast5 + AwayGDPerGame,9,GoalDiffLast5 + HomePointsLast5 + AwayPointsLast5 + HomeShotsOnTargetLast5 + AwayGoalsLast5 + AwayGDPerGame,0.5316455696202531,-0.0113924050632912,0.9837262271497993,0.005703962543591623
EloDiff + XGDDiffLast5 + GoalsPerGameDiff + GoalDiffLast5 + HomePointsLast5 + AwayPointsLast5 + HomeShotsOnTargetLast5 + AwayPPG + HomeShotsOnTargetAgainstLast5,9,GoalDiffLast5 + HomePointsLast5 + AwayPointsLast5 + HomeShotsOnTargetLast5 + AwayPPG + HomeShotsOnTargetAgainstLast5,0.5354430379746835,-0.0075949367088608,0.9804674461236429,0.0024451815174352243
EloDiff + XGDDiffLast5 + GoalsPerGameDiff + GoalDiffLast5 + HomePointsLast5 + AwayPointsLast5 + HomeShotsOnTargetLast5 + AwayPPG + AwayGDPerGame,9,GoalDiffLast5 + HomePointsLast5 + AwayPointsLast5 + HomeShotsOnTargetLast5 + AwayPPG + AwayGDPerGame,0.5335443037974683,-0.009493670886076,0.9809833595699103,0.0029610949637026707
EloDiff + XGDDiffLast5 + GoalsPerGameDiff + GoalDiffLast5 + HomePointsLast5 + AwayPointsLast5 + HomeShotsOnTargetLast5 + HomeShotsOnTargetAgainstLast5 + AwayGDPerGame,9,GoalDiffLast5 + HomePointsLast5 + AwayPointsLast5 + HomeShotsOnTargetLast5 + HomeShotsOnTargetAgainstLast5 + AwayGDPerGame,0.530379746835443,-0.012658227848101333,0.980597417504144,0.002575152897936306
EloDiff + XGDDiffLast5 + GoalsPerGameDiff + GoalDiffLast5 + HomePointsLast5 + AwayPointsLast5 + AwayGoalsLast5 + AwayPPG + HomeShotsOnTargetAgainstLast5,9,GoalDiffLast5 + HomePointsLast5 + AwayPointsLast5 + AwayGoalsLast5 + AwayPPG + HomeShotsOnTargetAgainstLast5,0.5335443037974683,-0.009493670886076,0.9808672521249431,0.002844987518735409
EloDiff + XGDDiffLast5 + GoalsPerGameDiff + GoalDiffLast5 + HomePointsLast5 + AwayPointsLast5 + AwayGoalsLast5 + AwayPPG + AwayGDPerGame,9,GoalDiffLast5 + HomePointsLast5 + AwayPointsLast5 + AwayGoalsLast5 + AwayPPG + AwayGDPerGame,0.5316455696202531,-0.0113924050632912,0.9814625470453462,0.00344028243913852
EloDiff + XGDDiffLast5 + GoalsPerGameDiff + GoalDiffLast5 + HomePointsLast5 + AwayPointsLast5 + AwayGoalsLast5 + HomeShotsOnTargetAgainstLast5 + AwayGDPerGame,9,GoalDiffLast5 + HomePointsLast5 + AwayPointsLast5 + AwayGoalsLast5 + HomeShotsOnTargetAgainstLast5 + AwayGDPerGame,0.5329113924050632,-0.010126582278481067,0.981513418971313,0.0034911543651052757
EloDiff + XGDDiffLast5 + GoalsPerGameDiff + GoalDiffLast5 + HomePointsLast5 + AwayPointsLast5 + AwayPPG + HomeShotsOnTargetAgainstLast5 + AwayGDPerGame,9,GoalDiffLast5 + HomePointsLast5 + AwayPointsLast5 + AwayPPG + HomeShotsOnTargetAgainstLast5 + AwayGDPerGame,0.5322784810126582,-0.010759493670886133,0.9809534582724957,0.0029311936662880234
EloDiff + XGDDiffLast5 + GoalsPerGameDiff + GoalDiffLast5 + HomePointsLast5 + HomeShotsOnTargetLast5 + AwayGoalsLast5 + AwayPPG + HomeShotsOnTargetAgainstLast5,9,GoalDiffLast5 + HomePointsLast5 + HomeShotsOnTargetLast5 + AwayGoalsLast5 + AwayPPG + HomeShotsOnTargetAgainstLast5,0.5373417721518987,-0.0056962025316456,0.9840900905252029,0.00606782591899524
EloDiff + XGDDiffLast5 + GoalsPerGameDiff + GoalDiffLast5 + HomePointsLast5 + HomeShotsOnTargetLast5 + AwayGoalsLast5 + AwayPPG + AwayGDPerGame,9,GoalDiffLast5 + HomePointsLast5 + HomeShotsOnTargetLast5 + AwayGoalsLast5 + AwayPPG + AwayGDPerGame,0.5348101265822784,-0.008227848101265867,0.9853175373024744,0.00729527269626673
EloDiff + XGDDiffLast5 + GoalsPerGameDiff + GoalDiffLast5 + HomePointsLast5 + HomeShotsOnTargetLast5 + AwayGoalsLast5 + HomeShotsOnTargetAgainstLast5 + AwayGDPerGame,9,GoalDiffLast5 + HomePointsLast5 + HomeShotsOnTargetLast5 + AwayGoalsLast5 + HomeShotsOnTargetAgainstLast5 + AwayGDPerGame,0.5341772151898734,-0.008860759493670933,0.9847794382305072,0.006757173624299506
EloDiff + XGDDiffLast5 + GoalsPerGameDiff + GoalDiffLast5 + HomePointsLast5 + HomeShotsOnTargetLast5 + AwayPPG + HomeShotsOnTargetAgainstLast5 + AwayGDPerGame,9,GoalDiffLast5 + HomePointsLast5 + HomeShotsOnTargetLast5 + AwayPPG + HomeShotsOnTargetAgainstLast5 + AwayGDPerGame,0.5360759493670886,-0.006962025316455733,0.9821409847031706,0.004118720096962902
EloDiff + XGDDiffLast5 + GoalsPerGameDiff + GoalDiffLast5 + HomePointsLast5 + AwayGoalsLast5 + AwayPPG + HomeShotsOnTargetAgainstLast5 + AwayGDPerGame,9,GoalDiffLast5 + HomePointsLast5 + AwayGoalsLast5 + AwayPPG + HomeShotsOnTargetAgainstLast5 + AwayGDPerGame,0.5367088607594936,-0.006329113924050667,0.9823589519023569,0.004336687296149222
EloDiff + XGDDiffLast5 + GoalsPerGameDiff + GoalDiffLast5 + AwayPointsLast5 + HomeShotsOnTargetLast5 + AwayGoalsLast5 + AwayPPG + HomeShotsOnTargetAgainstLast5,9,GoalDiffLast5 + AwayPointsLast5 + HomeShotsOnTargetLast5 + AwayGoalsLast5 + AwayPPG + HomeShotsOnTargetAgainstLast5,0.5316455696202531,-0.0113924050632912,0.9839712749075685,0.0059490103013608575
EloDiff + XGDDiffLast5 + GoalsPerGameDiff + GoalDiffLast5 + AwayPointsLast5 + HomeShotsOnTargetLast5 + AwayGoalsLast5 + AwayPPG + AwayGDPerGame,9,GoalDiffLast5 + AwayPointsLast5 + HomeShotsOnTargetLast5 + AwayGoalsLast5 + AwayPPG + AwayGDPerGame,0.530379746835443,-0.012658227848101333,0.9845845562463769,0.006562291640169193
EloDiff + XGDDiffLast5 + GoalsPerGameDiff + GoalDiffLast5 + AwayPointsLast5 + HomeShotsOnTargetLast5 + AwayGoalsLast5 + HomeShotsOnTargetAgainstLast5 + AwayGDPerGame,9,GoalDiffLast5 + AwayPointsLast5 + HomeShotsOnTargetLast5 + AwayGoalsLast5 + HomeShotsOnTargetAgainstLast5 + AwayGDPerGame,0.530379746835443,-0.012658227848101333,0.9847833088666187,0.00676104426041102
EloDiff + XGDDiffLast5 + GoalsPerGameDiff + GoalDiffLast5 + AwayPointsLast5 + HomeShotsOnTargetLast5 + AwayPPG + HomeShotsOnTargetAgainstLast5 + AwayGDPerGame,9,GoalDiffLast5 + AwayPointsLast5 + HomeShotsOnTargetLast5 + AwayPPG + HomeShotsOnTargetAgainstLast5 + AwayGDPerGame,0.5322784810126582,-0.010759493670886133,0.9821305444060826,0.0041082797998749365
EloDiff + XGDDiffLast5 + GoalsPerGameDiff + GoalDiffLast5 + AwayPointsLast5 + AwayGoalsLast5 + AwayPPG + HomeShotsOnTargetAgainstLast5 + AwayGDPerGame,9,GoalDiffLast5 + AwayPointsLast5 + AwayGoalsLast5 + AwayPPG + HomeShotsOnTargetAgainstLast5 + AwayGDPerGame,0.5322784810126582,-0.010759493670886133,0.9819978935489534,0.003975628942745724
EloDiff + XGDDiffLast5 + GoalsPerGameDiff + GoalDiffLast5 + HomeShotsOnTargetLast5 + AwayGoalsLast5 + AwayPPG + HomeShotsOnTargetAgainstLast5 + AwayGDPerGame,9,GoalDiffLast5 + HomeShotsOnTargetLast5 + AwayGoalsLast5 + AwayPPG + HomeShotsOnTargetAgainstLast5 + AwayGDPerGame,0.5341772151898734,-0.008860759493670933,0.9860347549215309,0.00801249031532325
EloDiff + XGDDiffLast5 + GoalsPerGameDiff + HomePointsLast5 + AwayPointsLast5 + HomeShotsOnTargetLast5 + AwayGoalsLast5 + AwayPPG + HomeShotsOnTargetAgainstLast5,9,HomePointsLast5 + AwayPointsLast5 + HomeShotsOnTargetLast5 + AwayGoalsLast5 + AwayPPG + HomeShotsOnTargetAgainstLast5,0.5316455696202531,-0.0113924050632912,0.9825414509645565,0.0045191863583488034
EloDiff + XGDDiffLast5 + GoalsPerGameDiff + HomePointsLast5 + AwayPointsLast5 + HomeShotsOnTargetLast5 + AwayGoalsLast5 + AwayPPG + AwayGDPerGame,9,HomePointsLast5 + AwayPointsLast5 + HomeShotsOnTargetLast5 + AwayGoalsLast5 + AwayPPG + AwayGDPerGame,0.5322784810126582,-0.010759493670886133,0.9829993112511861,0.0049770466449784445
EloDiff + XGDDiffLast5 + GoalsPerGameDiff + HomePointsLast5 + AwayPointsLast5 + HomeShotsOnTargetLast5 + AwayGoalsLast5 + HomeShotsOnTargetAgainstLast5 + AwayGDPerGame,9,HomePointsLast5 + AwayPointsLast5 + HomeShotsOnTargetLast5 + AwayGoalsLast5 + HomeShotsOnTargetAgainstLast5 + AwayGDPerGame,0.5348101265822784,-0.008227848101265867,0.9829027822661237,0.004880517659916039
EloDiff + XGDDiffLast5 + GoalsPerGameDiff + HomePointsLast5 + AwayPointsLast5 + HomeShotsOnTargetLast5 + AwayPPG + HomeShotsOnTargetAgainstLast5 + AwayGDPerGame,9,HomePointsLast5 + AwayPointsLast5 + HomeShotsOnTargetLast5 + AwayPPG + HomeShotsOnTargetAgainstLast5 + AwayGDPerGame,0.5354430379746835,-0.0075949367088608,0.9808398107862999,0.002817546180092223
EloDiff + XGDDiffLast5 + GoalsPerGameDiff + HomePointsLast5 + AwayPointsLast5 + AwayGoalsLast5 + AwayPPG + HomeShotsOnTargetAgainstLast5 + AwayGDPerGame,9,HomePointsLast5 + AwayPointsLast5 + AwayGoalsLast5 + AwayPPG + HomeShotsOnTargetAgainstLast5 + AwayGDPerGame,0.5329113924050632,-0.010126582278481067,0.9813710514997925,0.0033487868935848653
EloDiff + XGDDiffLast5 + GoalsPerGameDiff + HomePointsLast5 + HomeShotsOnTargetLast5 + AwayGoalsLast5 + AwayPPG + HomeShotsOnTargetAgainstLast5 + AwayGDPerGame,9,HomePointsLast5 + HomeShotsOnTargetLast5 + AwayGoalsLast5 + AwayPPG + HomeShotsOnTargetAgainstLast5 + AwayGDPerGame,0.530379746835443,-0.012658227848101333,0.9835531549395247,0.005530890333316996
EloDiff + XGDDiffLast5 + GoalsPerGameDiff + AwayPointsLast5 + HomeShotsOnTargetLast5 + AwayGoalsLast5 + AwayPPG + HomeShotsOnTargetAgainstLast5 + AwayGDPerGame,9,AwayPointsLast5 + HomeShotsOnTargetLast5 + AwayGoalsLast5 + AwayPPG + HomeShotsOnTargetAgainstLast5 + AwayGDPerGame,0.530379746835443,-0.012658227848101333,0.9841916860724979,0.006169421466290181
EloDiff + XGDDiffLast5 + GoalsPerGameDiff + GoalDiffLast5 + HomePointsLast5 + AwayPointsLast5 + HomeShotsOnTargetLast5 + AwayGoalsLast5 + AwayPPG + HomeShotsOnTargetAgainstLast5,10,GoalDiffLast5 + HomePointsLast5 + AwayPointsLast5 + HomeShotsOnTargetLast5 + AwayGoalsLast5 + AwayPPG + HomeShotsOnTargetAgainstLast5,0.5297468354430379,-0.0132911392405064,0.9837493365539771,0.0057270719477694465
EloDiff + XGDDiffLast5 + GoalsPerGameDiff + GoalDiffLast5 + HomePointsLast5 + AwayPointsLast5 + HomeShotsOnTargetLast5 + AwayGoalsLast5 + AwayPPG + AwayGDPerGame,10,GoalDiffLast5 + HomePointsLast5 + AwayPointsLast5 + HomeShotsOnTargetLast5 + AwayGoalsLast5 + AwayPPG + AwayGDPerGame,0.5272151898734176,-0.015822784810126667,0.9847900953720314,0.006767830765823768
EloDiff + XGDDiffLast5 + GoalsPerGameDiff + GoalDiffLast5 + HomePointsLast5 + AwayPointsLast5 + HomeShotsOnTargetLast5 + AwayGoalsLast5 + HomeShotsOnTargetAgainstLast5 + AwayGDPerGame,10,GoalDiffLast5 + HomePointsLast5 + AwayPointsLast5 + HomeShotsOnTargetLast5 + AwayGoalsLast5 + HomeShotsOnTargetAgainstLast5 + AwayGDPerGame,0.5278481012658227,-0.0151898734177216,0.984564729666469,0.006542465060261349
EloDiff + XGDDiffLast5 + GoalsPerGameDiff + GoalDiffLast5 + HomePointsLast5 + AwayPointsLast5 + HomeShotsOnTargetLast5 + AwayPPG + HomeShotsOnTargetAgainstLast5 + AwayGDPerGame,10,GoalDiffLast5 + HomePointsLast5 + AwayPointsLast5 + HomeShotsOnTargetLast5 + AwayPPG + HomeShotsOnTargetAgainstLast5 + AwayGDPerGame,0.530379746835443,-0.012658227848101333,0.9815858297721537,0.0035635651659460255
EloDiff + XGDDiffLast5 + GoalsPerGameDiff + GoalDiffLast5 + HomePointsLast5 + AwayPointsLast5 + AwayGoalsLast5 + AwayPPG + HomeShotsOnTargetAgainstLast5 + AwayGDPerGame,10,GoalDiffLast5 + HomePointsLast5 + AwayPointsLast5 + AwayGoalsLast5 + AwayPPG + HomeShotsOnTargetAgainstLast5 + AwayGDPerGame,0.5322784810126582,-0.010759493670886133,0.981890618674823,0.0038683540686152984
EloDiff + XGDDiffLast5 + GoalsPerGameDiff + GoalDiffLast5 + HomePointsLast5 + HomeShotsOnTargetLast5 + AwayGoalsLast5 + AwayPPG + HomeShotsOnTargetAgainstLast5 + AwayGDPerGame,10,GoalDiffLast5 + HomePointsLast5 + HomeShotsOnTargetLast5 + AwayGoalsLast5 + AwayPPG + HomeShotsOnTargetAgainstLast5 + AwayGDPerGame,0.5348101265822784,-0.008227848101265867,0.9855550553178059,0.007532790711598181
EloDiff + XGDDiffLast5 + GoalsPerGameDiff + GoalDiffLast5 + AwayPointsLast5 + HomeShotsOnTargetLast5 + AwayGoalsLast5 + AwayPPG + HomeShotsOnTargetAgainstLast5 + AwayGDPerGame,10,GoalDiffLast5 + AwayPointsLast5 + HomeShotsOnTargetLast5 + AwayGoalsLast5 + AwayPPG + HomeShotsOnTargetAgainstLast5 + AwayGDPerGame,0.5284810126582278,-0.014556962025316533,0.9855372610385613,0.007514996432353649
EloDiff + XGDDiffLast5 + GoalsPerGameDiff + HomePointsLast5 + AwayPointsLast5 + HomeShotsOnTargetLast5 + AwayGoalsLast5 + AwayPPG + HomeShotsOnTargetAgainstLast5 + AwayGDPerGame,10,HomePointsLast5 + AwayPointsLast5 + HomeShotsOnTargetLast5 + AwayGoalsLast5 + AwayPPG + HomeShotsOnTargetAgainstLast5 + AwayGDPerGame,0.5291139240506328,-0.013924050632911467,0.9835862285584188,0.005563963952211148
EloDiff + XGDDiffLast5 + GoalsPerGameDiff + GoalDiffLast5 + HomePointsLast5 + AwayPointsLast5 + HomeShotsOnTargetLast5 + AwayGoalsLast5 + AwayPPG + HomeShotsOnTargetAgainstLast5 + AwayGDPerGame,11,GoalDiffLast5 + HomePointsLast5 + AwayPointsLast5 + HomeShotsOnTargetLast5 + AwayGoalsLast5 + AwayPPG + HomeShotsOnTargetAgainstLast5 + AwayGDPerGame,0.5253164556962024,-0.017721518987341867,0.9852870785503074,0.007264813944099724
