Model,FeatureSet,TestSeason,Accuracy,LogLoss,NumFeatures
LogisticRegression,Baseline,22-23,0.5605263157894737,0.979527094704353,3
LogisticRegression,Baseline + HomePointsLast5,22-23,0.5631578947368421,0.9819056446323563,4
LogisticRegression,Baseline + AwayPointsLast5,22-23,0.55,0.9767848529331128,4
LogisticRegression,Baseline + HomePointsLast5 + AwayPointsLast5,22-23,0.5578947368421052,0.9836133732296924,5
LogisticRegression,Baseline + PointsDiffLast5,22-23,0.5578947368421052,0.9843332570552371,4
LogisticRegression,Baseline + HomeAwayPointsDiffLast5,22-23,0.5578947368421052,0.981366927889175,4
LogisticRegression,Baseline + PointsDiffLast5 + HomeAwayPointsDiffLast5,22-23,0.5526315789473685,0.9852239961616598,5
LogisticRegression,Baseline + HomePointsLast5 + AwayPointsLast5 + PointsDiffLast5,22-23,0.5552631578947368,0.9836279978893581,6
LogisticRegression,Baseline + HomePointsLast5 + AwayPointsLast5 + HomeAwayPointsDiffLast5,22-23,0.5552631578947368,0.984514330989426,6
LogisticRegression,Baseline + All Points Features,22-23,0.5552631578947368,0.9845224933009937,7
RandomForest,Baseline,22-23,0.5026315789473684,1.1624847209074605,3
RandomForest,Baseline + HomePointsLast5,22-23,0.5078947368421053,1.0626350400911888,4
RandomForest,Baseline + AwayPointsLast5,22-23,0.49473684210526314,1.0767173918258364,4
RandomForest,Baseline + HomePointsLast5 + AwayPointsLast5,22-23,0.5157894736842106,1.142027529522103,5
RandomForest,Baseline + PointsDiffLast5,22-23,0.5105263157894737,1.1378439797063569,4
RandomForest,Baseline + HomeAwayPointsDiffLast5,22-23,0.49736842105263157,1.0654385758596867,4
RandomForest,Baseline + PointsDiffLast5 + HomeAwayPointsDiffLast5,22-23,0.5,1.1159868472377175,5
RandomForest,Baseline + HomePointsLast5 + AwayPointsLast5 + PointsDiffLast5,22-23,0.4921052631578947,1.0540644954999459,6
RandomForest,Baseline + HomePointsLast5 + AwayPointsLast5 + HomeAwayPointsDiffLast5,22-23,0.5052631578947369,1.059000090518802,6
RandomForest,Baseline + All Points Features,22-23,0.5026315789473684,1.0447319353524351,7
GradientBoosting,Baseline,22-23,0.4710526315789474,1.1816418225734115,3
GradientBoosting,Baseline + HomePointsLast5,22-23,0.48157894736842105,1.182006944119176,4
GradientBoosting,Baseline + AwayPointsLast5,22-23,0.45526315789473687,1.1920414094567342,4
GradientBoosting,Baseline + HomePointsLast5 + AwayPointsLast5,22-23,0.4473684210526316,1.1881788892055034,5
GradientBoosting,Baseline + PointsDiffLast5,22-23,0.5052631578947369,1.1649864015447202,4
GradientBoosting,Baseline + HomeAwayPointsDiffLast5,22-23,0.46578947368421053,1.1708712179620115,4
GradientBoosting,Baseline + PointsDiffLast5 + HomeAwayPointsDiffLast5,22-23,0.4842105263157895,1.1537186436282982,5
GradientBoosting,Baseline + HomePointsLast5 + AwayPointsLast5 + PointsDiffLast5,22-23,0.45789473684210524,1.1939784319117406,6
GradientBoosting,Baseline + HomePointsLast5 + AwayPointsLast5 + HomeAwayPointsDiffLast5,22-23,0.4421052631578947,1.1946609341236927,6
GradientBoosting,Baseline + All Points Features,22-23,0.4763157894736842,1.1748709486054787,7
HistGradientBoosting,Baseline,22-23,0.45526315789473687,1.4183032307005294,3
HistGradientBoosting,Baseline + HomePointsLast5,22-23,0.4631578947368421,1.4482843199657434,4
HistGradientBoosting,Baseline + AwayPointsLast5,22-23,0.45526315789473687,1.4435203225445081,4
HistGradientBoosting,Baseline + HomePointsLast5 + AwayPointsLast5,22-23,0.47368421052631576,1.4865876567949308,5
HistGradientBoosting,Baseline + PointsDiffLast5,22-23,0.4868421052631579,1.4321162894026283,4
HistGradientBoosting,Baseline + HomeAwayPointsDiffLast5,22-23,0.5,1.401004965424417,4
HistGradientBoosting,Baseline + PointsDiffLast5 + HomeAwayPointsDiffLast5,22-23,0.49736842105263157,1.4152486310231904,5
HistGradientBoosting,Baseline + HomePointsLast5 + AwayPointsLast5 + PointsDiffLast5,22-23,0.4842105263157895,1.5042829776771827,6
HistGradientBoosting,Baseline + HomePointsLast5 + AwayPointsLast5 + HomeAwayPointsDiffLast5,22-23,0.47368421052631576,1.4605373236212884,6
HistGradientBoosting,Baseline + All Points Features,22-23,0.49736842105263157,1.5119275612185124,7
LogisticRegression,Baseline,23-24,0.5789473684210527,0.9309121852168283,3
LogisticRegression,Baseline + HomePointsLast5,23-24,0.5789473684210527,0.930924951707449,4
LogisticRegression,Baseline + AwayPointsLast5,23-24,0.5789473684210527,0.9288081336403949,4
LogisticRegression,Baseline + HomePointsLast5 + AwayPointsLast5,23-24,0.5789473684210527,0.9320656432909392,5
LogisticRegression,Baseline + PointsDiffLast5,23-24,0.5736842105263158,0.9344932369089424,4
LogisticRegression,Baseline + HomeAwayPointsDiffLast5,23-24,0.5736842105263158,0.9324608082735928,4
LogisticRegression,Baseline + PointsDiffLast5 + HomeAwayPointsDiffLast5,23-24,0.5684210526315789,0.9348181501843534,5
LogisticRegression,Baseline + HomePointsLast5 + AwayPointsLast5 + PointsDiffLast5,23-24,0.5789473684210527,0.9320879677761459,6
LogisticRegression,Baseline + HomePointsLast5 + AwayPointsLast5 + HomeAwayPointsDiffLast5,23-24,0.5763157894736842,0.9320604051107532,6
LogisticRegression,Baseline + All Points Features,23-24,0.5763157894736842,0.9320530597181836,7
RandomForest,Baseline,23-24,0.49736842105263157,1.0536490382110992,3
RandomForest,Baseline + HomePointsLast5,23-24,0.5052631578947369,1.0488303823839717,4
RandomForest,Baseline + AwayPointsLast5,23-24,0.5078947368421053,1.0427021477602685,4
RandomForest,Baseline + HomePointsLast5 + AwayPointsLast5,23-24,0.5131578947368421,1.0279031742821205,5
RandomForest,Baseline + PointsDiffLast5,23-24,0.48947368421052634,1.1270395788877636,4
RandomForest,Baseline + HomeAwayPointsDiffLast5,23-24,0.5,1.0530979508943346,4
RandomForest,Baseline + PointsDiffLast5 + HomeAwayPointsDiffLast5,23-24,0.5342105263157895,1.0273904722405622,5
RandomForest,Baseline + HomePointsLast5 + AwayPointsLast5 + PointsDiffLast5,23-24,0.5368421052631579,1.012087950465301,6
RandomForest,Baseline + HomePointsLast5 + AwayPointsLast5 + HomeAwayPointsDiffLast5,23-24,0.5210526315789473,1.0133897338642792,6
RandomForest,Baseline + All Points Features,23-24,0.5394736842105263,0.9953925846890164,7
GradientBoosting,Baseline,23-24,0.5131578947368421,1.030025041890754,3
GradientBoosting,Baseline + HomePointsLast5,23-24,0.531578947368421,1.023168531674841,4
GradientBoosting,Baseline + AwayPointsLast5,23-24,0.5394736842105263,1.01193271310039,4
GradientBoosting,Baseline + HomePointsLast5 + AwayPointsLast5,23-24,0.5473684210526316,1.0011820876548765,5
GradientBoosting,Baseline + PointsDiffLast5,23-24,0.5210526315789473,1.0012493451027287,4
GradientBoosting,Baseline + HomeAwayPointsDiffLast5,23-24,0.5131578947368421,1.035038244605798,4
GradientBoosting,Baseline + PointsDiffLast5 + HomeAwayPointsDiffLast5,23-24,0.5236842105263158,1.0020719082032863,5
GradientBoosting,Baseline + HomePointsLast5 + AwayPointsLast5 + PointsDiffLast5,23-24,0.5368421052631579,0.9825284086858777,6
GradientBoosting,Baseline + HomePointsLast5 + AwayPointsLast5 + HomeAwayPointsDiffLast5,23-24,0.5368421052631579,1.0136037169276542,6
GradientBoosting,Baseline + All Points Features,23-24,0.55,0.9931035978883104,7
HistGradientBoosting,Baseline,23-24,0.45263157894736844,1.4669120700915383,3
HistGradientBoosting,Baseline + HomePointsLast5,23-24,0.47368421052631576,1.4758741824599388,4
HistGradientBoosting,Baseline + AwayPointsLast5,23-24,0.46578947368421053,1.450746037763909,4
HistGradientBoosting,Baseline + HomePointsLast5 + AwayPointsLast5,23-24,0.47368421052631576,1.4634066586460692,5
HistGradientBoosting,Baseline + PointsDiffLast5,23-24,0.47368421052631576,1.4692038796884812,4
HistGradientBoosting,Baseline + HomeAwayPointsDiffLast5,23-24,0.46578947368421053,1.5267485848727933,4
HistGradientBoosting,Baseline + PointsDiffLast5 + HomeAwayPointsDiffLast5,23-24,0.45,1.5350134148047567,5
HistGradientBoosting,Baseline + HomePointsLast5 + AwayPointsLast5 + PointsDiffLast5,23-24,0.4842105263157895,1.4365575077104125,6
HistGradientBoosting,Baseline + HomePointsLast5 + AwayPointsLast5 + HomeAwayPointsDiffLast5,23-24,0.4763157894736842,1.4704899176544275,6
HistGradientBoosting,Baseline + All Points Features,23-24,0.46842105263157896,1.4626808184117677,7
LogisticRegression,Baseline,24-25,0.5342105263157895,0.9915628026131883,3
LogisticRegression,Baseline + HomePointsLast5,24-25,0.5342105263157895,0.9916822524959065,4
LogisticRegression,Baseline + AwayPointsLast5,24-25,0.5394736842105263,0.9889686956987207,4
LogisticRegression,Baseline + HomePointsLast5 + AwayPointsLast5,24-25,0.5421052631578948,0.9885683617220088,5
LogisticRegression,Baseline + PointsDiffLast5,24-25,0.5368421052631579,0.9896541346418374,4
LogisticRegression,Baseline + HomeAwayPointsDiffLast5,24-25,0.531578947368421,0.9972421118451237,4
LogisticRegression,Baseline + PointsDiffLast5 + HomeAwayPointsDiffLast5,24-25,0.531578947368421,0.9951708464051174,5
LogisticRegression,Baseline + HomePointsLast5 + AwayPointsLast5 + PointsDiffLast5,24-25,0.5421052631578948,0.9885680291123292,6
LogisticRegression,Baseline + HomePointsLast5 + AwayPointsLast5 + HomeAwayPointsDiffLast5,24-25,0.5289473684210526,0.9946398279925626,6
LogisticRegression,Baseline + All Points Features,24-25,0.5289473684210526,0.9946801244841553,7
RandomForest,Baseline,24-25,0.5184210526315789,1.0738535005796892,3
RandomForest,Baseline + HomePointsLast5,24-25,0.48947368421052634,1.0626312996808192,4
RandomForest,Baseline + AwayPointsLast5,24-25,0.5131578947368421,1.0664391852872694,4
RandomForest,Baseline + HomePointsLast5 + AwayPointsLast5,24-25,0.4921052631578947,1.0488319055070048,5
RandomForest,Baseline + PointsDiffLast5,24-25,0.5052631578947369,1.056258889348445,4
RandomForest,Baseline + HomeAwayPointsDiffLast5,24-25,0.5184210526315789,1.0565354251872943,4
RandomForest,Baseline + PointsDiffLast5 + HomeAwayPointsDiffLast5,24-25,0.5184210526315789,1.0264208416915435,5
RandomForest,Baseline + HomePointsLast5 + AwayPointsLast5 + PointsDiffLast5,24-25,0.48947368421052634,1.0368875249329375,6
RandomForest,Baseline + HomePointsLast5 + AwayPointsLast5 + HomeAwayPointsDiffLast5,24-25,0.49473684210526314,1.026706530399194,6
RandomForest,Baseline + All Points Features,24-25,0.4921052631578947,1.0326404424913966,7
GradientBoosting,Baseline,24-25,0.5078947368421053,1.0457751497099919,3
GradientBoosting,Baseline + HomePointsLast5,24-25,0.5105263157894737,1.027213341765613,4
GradientBoosting,Baseline + AwayPointsLast5,24-25,0.5157894736842106,1.0540135018561683,4
GradientBoosting,Baseline + HomePointsLast5 + AwayPointsLast5,24-25,0.49473684210526314,1.0450476771980468,5
GradientBoosting,Baseline + PointsDiffLast5,24-25,0.5078947368421053,1.0363476585051756,4
GradientBoosting,Baseline + HomeAwayPointsDiffLast5,24-25,0.5263157894736842,1.0499167137209549,4
GradientBoosting,Baseline + PointsDiffLast5 + HomeAwayPointsDiffLast5,24-25,0.5026315789473684,1.033200552164076,5
GradientBoosting,Baseline + HomePointsLast5 + AwayPointsLast5 + PointsDiffLast5,24-25,0.5,1.037646973848605,6
GradientBoosting,Baseline + HomePointsLast5 + AwayPointsLast5 + HomeAwayPointsDiffLast5,24-25,0.49736842105263157,1.038568608773007,6
GradientBoosting,Baseline + All Points Features,24-25,0.49736842105263157,1.0257488534554882,7
HistGradientBoosting,Baseline,24-25,0.4789473684210526,1.3745626500935582,3
HistGradientBoosting,Baseline + HomePointsLast5,24-25,0.4789473684210526,1.4094447793378388,4
HistGradientBoosting,Baseline + AwayPointsLast5,24-25,0.49473684210526314,1.382103418107069,4
HistGradientBoosting,Baseline + HomePointsLast5 + AwayPointsLast5,24-25,0.4605263157894737,1.4045651640679533,5
HistGradientBoosting,Baseline + PointsDiffLast5,24-25,0.46842105263157896,1.402096785825575,4
HistGradientBoosting,Baseline + HomeAwayPointsDiffLast5,24-25,0.4763157894736842,1.3990309357263282,4
HistGradientBoosting,Baseline + PointsDiffLast5 + HomeAwayPointsDiffLast5,24-25,0.4710526315789474,1.388776820569426,5
HistGradientBoosting,Baseline + HomePointsLast5 + AwayPointsLast5 + PointsDiffLast5,24-25,0.4710526315789474,1.3881165794531831,6
HistGradientBoosting,Baseline + HomePointsLast5 + AwayPointsLast5 + HomeAwayPointsDiffLast5,24-25,0.4868421052631579,1.4157265896396307,6
HistGradientBoosting,Baseline + All Points Features,24-25,0.4710526315789474,1.38529169502442,7
LogisticRegression,Baseline,25-26,0.5026315789473684,1.0318841800020995,3
LogisticRegression,Baseline + HomePointsLast5,25-26,0.5026315789473684,1.0298071209216209,4
LogisticRegression,Baseline + AwayPointsLast5,25-26,0.48947368421052634,1.0300730115344077,4
LogisticRegression,Baseline + HomePointsLast5 + AwayPointsLast5,25-26,0.48947368421052634,1.0279008723076577,5
LogisticRegression,Baseline + PointsDiffLast5,25-26,0.4921052631578947,1.0297515234626335,4
LogisticRegression,Baseline + HomeAwayPointsDiffLast5,25-26,0.49736842105263157,1.0319958829424087,4
LogisticRegression,Baseline + PointsDiffLast5 + HomeAwayPointsDiffLast5,25-26,0.4921052631578947,1.0290346058849045,5
LogisticRegression,Baseline + HomePointsLast5 + AwayPointsLast5 + PointsDiffLast5,25-26,0.48947368421052634,1.027895037348462,6
LogisticRegression,Baseline + HomePointsLast5 + AwayPointsLast5 + HomeAwayPointsDiffLast5,25-26,0.49473684210526314,1.0269996259084888,6
LogisticRegression,Baseline + All Points Features,25-26,0.49473684210526314,1.0270106664275604,7
RandomForest,Baseline,25-26,0.42894736842105263,1.1905670743384154,3
RandomForest,Baseline + HomePointsLast5,25-26,0.4605263157894737,1.1576198870031624,4
RandomForest,Baseline + AwayPointsLast5,25-26,0.4473684210526316,1.1282894577329057,4
RandomForest,Baseline + HomePointsLast5 + AwayPointsLast5,25-26,0.45526315789473687,1.098622623429563,5
RandomForest,Baseline + PointsDiffLast5,25-26,0.45,1.145159358639417,4
RandomForest,Baseline + HomeAwayPointsDiffLast5,25-26,0.4105263157894737,1.1851427287798773,4
RandomForest,Baseline + PointsDiffLast5 + HomeAwayPointsDiffLast5,25-26,0.4421052631578947,1.1220927922314465,5
RandomForest,Baseline + HomePointsLast5 + AwayPointsLast5 + PointsDiffLast5,25-26,0.4789473684210526,1.0783335265854008,6
RandomForest,Baseline + HomePointsLast5 + AwayPointsLast5 + HomeAwayPointsDiffLast5,25-26,0.4605263157894737,1.0984898553919982,6
RandomForest,Baseline + All Points Features,25-26,0.4605263157894737,1.0819421399420894,7
GradientBoosting,Baseline,25-26,0.4631578947368421,1.100984461155359,3
GradientBoosting,Baseline + HomePointsLast5,25-26,0.46842105263157896,1.1056598401185516,4
GradientBoosting,Baseline + AwayPointsLast5,25-26,0.46578947368421053,1.0919308608669631,4
GradientBoosting,Baseline + HomePointsLast5 + AwayPointsLast5,25-26,0.4868421052631579,1.1000113328025436,5
GradientBoosting,Baseline + PointsDiffLast5,25-26,0.4868421052631579,1.0802891236326375,4
GradientBoosting,Baseline + HomeAwayPointsDiffLast5,25-26,0.45526315789473687,1.1057456784771422,4
GradientBoosting,Baseline + PointsDiffLast5 + HomeAwayPointsDiffLast5,25-26,0.45,1.1001932104432721,5
GradientBoosting,Baseline + HomePointsLast5 + AwayPointsLast5 + PointsDiffLast5,25-26,0.4868421052631579,1.078403476362352,6
GradientBoosting,Baseline + HomePointsLast5 + AwayPointsLast5 + HomeAwayPointsDiffLast5,25-26,0.47368421052631576,1.1029695055950173,6
GradientBoosting,Baseline + All Points Features,25-26,0.4789473684210526,1.0949899330523327,7
HistGradientBoosting,Baseline,25-26,0.4131578947368421,1.4503167854220422,3
HistGradientBoosting,Baseline + HomePointsLast5,25-26,0.41578947368421054,1.4456660877294134,4
HistGradientBoosting,Baseline + AwayPointsLast5,25-26,0.4394736842105263,1.3818517675038726,4
HistGradientBoosting,Baseline + HomePointsLast5 + AwayPointsLast5,25-26,0.4421052631578947,1.4092283145190954,5
HistGradientBoosting,Baseline + PointsDiffLast5,25-26,0.44473684210526315,1.3717534650913552,4
HistGradientBoosting,Baseline + HomeAwayPointsDiffLast5,25-26,0.38421052631578945,1.468283713415336,4
HistGradientBoosting,Baseline + PointsDiffLast5 + HomeAwayPointsDiffLast5,25-26,0.4394736842105263,1.404172893179035,5
HistGradientBoosting,Baseline + HomePointsLast5 + AwayPointsLast5 + PointsDiffLast5,25-26,0.44473684210526315,1.3713355280031172,6
HistGradientBoosting,Baseline + HomePointsLast5 + AwayPointsLast5 + HomeAwayPointsDiffLast5,25-26,0.38421052631578945,1.3946018994200107,6
HistGradientBoosting,Baseline + All Points Features,25-26,0.4342105263157895,1.374159296282663,7
