Features,NumFeatures,AddedFeature,MeanAccuracy,WeightedAccuracy,MeanLogLoss,MeanBrier
EloDiff + AwayPointsLast5 + XGDDiffLast5 + GDPerGameDiff,4,GDPerGameDiff,0.5361842105263157,0.5361842105263158,0.9807342497377391,0.5846673031819225
EloDiff + AwayPointsLast5 + XGDDiffLast5 + GoalsPerGameDiff,4,GoalsPerGameDiff,0.5394736842105263,0.5394736842105263,0.9809543131180694,0.5846404853111622
EloDiff + AwayPointsLast5 + XGDDiffLast5 + XGDDiff,4,XGDDiff,0.5317567567567567,0.5317567567567567,0.981183990291465,0.5853588863593641
EloDiff + AwayPointsLast5 + XGDDiffLast5 + PPGDiff,4,PPGDiff,0.5401315789473684,0.5401315789473684,0.9812451393591413,0.5848927806100401
EloDiff + AwayElo + XGDDiffLast5 + AwayGDPerGame,4,AwayGDPerGame,0.5388157894736842,0.5388157894736842,0.981364827583773,0.5842847714124991
EloDiff + HomeElo + XGDDiffLast5 + AwayGDPerGame,4,AwayGDPerGame,0.5388157894736842,0.5388157894736842,0.9815300316512015,0.5843333295892157
EloDiff + HomeElo + XGDDiffLast5 + GDPerGameDiff,4,GDPerGameDiff,0.5394736842105264,0.5394736842105263,0.9818989532811917,0.5848653198553911
EloDiff + AwayElo + XGDDiffLast5 + GDPerGameDiff,4,GDPerGameDiff,0.5407894736842106,0.5407894736842105,0.9819718109454985,0.5849457044921915
EloDiff + HomeElo + XGDDiffLast5 + GoalsPerGameDiff,4,GoalsPerGameDiff,0.5453947368421053,0.5453947368421053,0.9819792587728765,0.5847229127388242
EloDiff + AwayElo + XGDDiffLast5 + GoalsPerGameDiff,4,GoalsPerGameDiff,0.5460526315789473,0.5460526315789473,0.9820736424114577,0.5848190284397752
EloDiff + AwayPointsLast5 + XGDDiffLast5 + HomeShotsOnTargetAgainstLast5,4,HomeShotsOnTargetAgainstLast5,0.5414473684210527,0.5414473684210527,0.9821129178197275,0.5852561145942883
EloDiff + HomeShotsOnTargetAgainstLast5 + XGDDiffLast5 + AwayPointsLast5,4,AwayPointsLast5,0.5414473684210527,0.5414473684210527,0.9821129178197275,0.5852561145942884
EloDiff + AwayPointsLast5 + XGDDiffLast5 + HomeGoalsLast5,4,HomeGoalsLast5,0.5394736842105263,0.5394736842105263,0.9821450802816664,0.5849932528357069
EloDiff + AwayPointsLast5 + XGDDiffLast5 + AwayGDPerGame,4,AwayGDPerGame,0.5348684210526315,0.5348684210526315,0.9822184821337074,0.5857762910484521
EloDiff + AwayPointsLast5 + XGDDiffLast5 + HomeGDPerGame,4,HomeGDPerGame,0.5394736842105263,0.5394736842105263,0.9822263798926014,0.5851959981693524
EloDiff + HomeGDPerGame + XGDDiffLast5 + AwayPointsLast5,4,AwayPointsLast5,0.5394736842105263,0.5394736842105263,0.9822263798926014,0.5851959981693524
EloDiff + AwayPointsLast5 + XGDDiffLast5 + HomeGoalsPerGame,4,HomeGoalsPerGame,0.5361842105263158,0.5361842105263158,0.9822651062362698,0.5849534283425862
EloDiff + AwayPointsLast5 + XGDDiffLast5 + GoalsAgainstPerGameDiff,4,GoalsAgainstPerGameDiff,0.5368421052631579,0.5368421052631579,0.9822881736783476,0.5856054464709808
EloDiff + AwayPointsLast5 + XGDDiffLast5 + HomeShotsAgainstLast5,4,HomeShotsAgainstLast5,0.5401315789473684,0.5401315789473684,0.9822930593581878,0.5854719566906813
EloDiff + HomeShotsAgainstLast5 + XGDDiffLast5 + AwayPointsLast5,4,AwayPointsLast5,0.5401315789473684,0.5401315789473684,0.9822930593581878,0.5854719566906813
EloDiff + HomeElo + XGDDiffLast5 + XGDDiff,4,XGDDiff,0.5391891891891891,0.5391891891891892,0.9823015238282232,0.5854995222077666
EloDiff + AwayElo + XGDDiffLast5 + XGDDiff,4,XGDDiff,0.5385135135135135,0.5385135135135135,0.9823970857135984,0.58558663695747
EloDiff + HomeElo + XGDDiffLast5 + AwayPPG,4,AwayPPG,0.5361842105263158,0.5361842105263158,0.9824006457348351,0.5849596290794125
EloDiff + AwayElo + XGDDiffLast5 + AwayPPG,4,AwayPPG,0.5381578947368422,0.5381578947368421,0.9824670269807789,0.585031531211339
EloDiff + AwayPointsLast5 + XGDDiffLast5 + HomePPG,4,HomePPG,0.5401315789473684,0.5401315789473684,0.9825265278590747,0.5853540269865617
EloDiff + AwayPointsLast5 + XGDDiffLast5 + GoalDiffLast5,4,GoalDiffLast5,0.5407894736842105,0.5407894736842105,0.9825716221688745,0.5855620042304255
EloDiff + GoalDiffLast5 + XGDDiffLast5 + AwayPointsLast5,4,AwayPointsLast5,0.5407894736842105,0.5407894736842105,0.9825716221688745,0.5855620042304255
EloDiff + AwayPointsLast5 + XGDDiffLast5 + AwayPPG,4,AwayPPG,0.5335526315789474,0.5335526315789474,0.9825757425584432,0.5859942883721252
EloDiff + AwayPointsLast5 + XGDDiffLast5 + AwayShotsOnTargetLast5,4,AwayShotsOnTargetLast5,0.5407894736842105,0.5407894736842105,0.9825938798697058,0.5856339264588057
EloDiff + HomeElo + XGDDiffLast5 + PPGDiff,4,PPGDiff,0.5401315789473684,0.5401315789473684,0.9826104131556599,0.5851895521729726
EloDiff + AwayPointsLast5 + XGDDiffLast5 + AwayGoalsAgainstPerGame,4,AwayGoalsAgainstPerGame,0.5348684210526315,0.5348684210526315,0.9827029930857041,0.5855275014365589
EloDiff + AwayPointsLast5 + XGDDiffLast5 + HomeElo,4,HomeElo,0.543421052631579,0.5434210526315789,0.9827133984745253,0.5850452447266472
EloDiff + HomeElo + XGDDiffLast5 + AwayPointsLast5,4,AwayPointsLast5,0.543421052631579,0.5434210526315789,0.9827133984745255,0.5850452447266472
EloDiff + AwayElo + XGDDiffLast5 + PPGDiff,4,PPGDiff,0.5401315789473684,0.5401315789473684,0.982734066368478,0.5853025102983557
EloDiff + AwayPointsLast5 + XGDDiffLast5 + ShotDiffLast5,4,ShotDiffLast5,0.5407894736842105,0.5407894736842105,0.9827365251226592,0.5857972045902152
EloDiff + HomeElo + XGDDiffLast5 + HomeShotsAgainstLast5,4,HomeShotsAgainstLast5,0.5460526315789473,0.5460526315789473,0.9827948279372475,0.5850412860582517
EloDiff + HomeShotsAgainstLast5 + XGDDiffLast5 + HomeElo,4,HomeElo,0.5460526315789473,0.5460526315789473,0.9827948279372478,0.5850412860582517
EloDiff + HomeElo + XGDDiffLast5 + HomeShotsOnTargetAgainstLast5,4,HomeShotsOnTargetAgainstLast5,0.5447368421052632,0.5447368421052632,0.9828221216060795,0.5849745491051029
EloDiff + HomeShotsOnTargetAgainstLast5 + XGDDiffLast5 + HomeElo,4,HomeElo,0.5447368421052632,0.5447368421052632,0.9828221216060795,0.5849745491051029
EloDiff + HomeShotsAgainstLast5 + XGDDiffLast5 + AwayElo,4,AwayElo,0.5467105263157895,0.5467105263157894,0.9828720617974702,0.5851367741661088
EloDiff + AwayElo + XGDDiffLast5 + HomeShotsAgainstLast5,4,HomeShotsAgainstLast5,0.5467105263157895,0.5467105263157894,0.9828720617974703,0.5851367741661088
EloDiff + AwayElo + XGDDiffLast5 + HomeShotsOnTargetAgainstLast5,4,HomeShotsOnTargetAgainstLast5,0.5453947368421053,0.5453947368421053,0.9829217668843359,0.5850868300575536
EloDiff + HomeShotsOnTargetAgainstLast5 + XGDDiffLast5 + AwayElo,4,AwayElo,0.5453947368421053,0.5453947368421053,0.9829217668843359,0.5850868300575536
EloDiff + HomeElo + XGDDiffLast5 + HomePPG,4,HomePPG,0.5447368421052632,0.5447368421052632,0.9829302438990997,0.5850339556134927
EloDiff + AwayElo + XGDDiffLast5 + HomeElo,4,HomeElo,0.544078947368421,0.5440789473684211,0.9829319446750275,0.5850807664452605
EloDiff + HomeElo + XGDDiffLast5 + AwayElo,4,AwayElo,0.544078947368421,0.5440789473684211,0.9829319446750275,0.5850807664452605
EloDiff + HomeShotsOnTargetAgainstLast5 + XGDDiffLast5 + GDPerGameDiff,4,GDPerGameDiff,0.5414473684210527,0.5414473684210527,0.9829435125139301,0.5864066334734512
EloDiff + AwayElo + XGDDiffLast5 + AwayPointsLast5,4,AwayPointsLast5,0.5440789473684211,0.5440789473684211,0.9829460293661023,0.5852299704455332
EloDiff + AwayPointsLast5 + XGDDiffLast5 + AwayElo,4,AwayElo,0.5440789473684211,0.5440789473684211,0.9829460293661023,0.5852299704455332
EloDiff + AwayElo + XGDDiffLast5 + HomePPG,4,HomePPG,0.5434210526315789,0.5434210526315789,0.9829903172525745,0.5851358378698158
EloDiff + AwayPointsLast5 + XGDDiffLast5 + XGForDiffLast5,4,XGForDiffLast5,0.5381578947368421,0.5381578947368421,0.9830121531506746,0.5857712092323735
EloDiff + HomeShotsAgainstLast5 + XGDDiffLast5 + GDPerGameDiff,4,GDPerGameDiff,0.5427631578947368,0.5427631578947368,0.9830136162486389,0.5864504057767405
EloDiff + HomeShotsOnTargetAgainstLast5 + XGDDiffLast5 + GoalsPerGameDiff,4,GoalsPerGameDiff,0.5467105263157894,0.5467105263157894,0.9830205244304363,0.5862233235964414
EloDiff + AwayPointsLast5 + XGDDiffLast5 + XGAgainstDiffLast5,4,XGAgainstDiffLast5,0.5394736842105263,0.5394736842105263,0.9831146864219682,0.5858444451297451
EloDiff + HomeShotsAgainstLast5 + XGDDiffLast5 + GoalsPerGameDiff,4,GoalsPerGameDiff,0.5440789473684211,0.5440789473684211,0.9831435071967367,0.5863620098348976
EloDiff + AwayGoalsLast5 + XGDDiffLast5 + GDPerGameDiff,4,GDPerGameDiff,0.5375,0.5375,0.9831721608920176,0.5865204788688134
EloDiff + AwayGoalsLast5 + XGDDiffLast5 + XGDDiff,4,XGDDiff,0.5344594594594595,0.5344594594594595,0.9832083054875522,0.5868093574526005
EloDiff + AwayPointsLast5 + XGDDiffLast5 + HomeGoalsAgainstLast5,4,HomeGoalsAgainstLast5,0.5394736842105263,0.5394736842105263,0.9832547756799386,0.5858680297193168
EloDiff + AwayElo + XGDDiffLast5 + HomePointsLast5,4,HomePointsLast5,0.5394736842105263,0.5394736842105263,0.9832577466692161,0.5851249846402105
EloDiff + HomeElo + XGDDiffLast5 + HomePointsLast5,4,HomePointsLast5,0.5401315789473684,0.5401315789473684,0.9832831416926695,0.5850677894958124
EloDiff + AwayElo + XGDDiffLast5 + AwayGoalsAgainstPerGame,4,AwayGoalsAgainstPerGame,0.5407894736842105,0.5407894736842105,0.9833006225216221,0.5848729946980155
EloDiff + HomeGDPerGame + XGDDiffLast5 + GoalsPerGameDiff,4,GoalsPerGameDiff,0.5434210526315789,0.5434210526315789,0.9833029323329834,0.5862258398801066
EloDiff + AwayGoalsLast5 + XGDDiffLast5 + GoalsPerGameDiff,4,GoalsPerGameDiff,0.5407894736842106,0.5407894736842105,0.9833495161555662,0.5863804959638377
EloDiff + HomeElo + XGDDiffLast5 + GoalsAgainstPerGameDiff,4,GoalsAgainstPerGameDiff,0.5375,0.5375,0.9833575536424066,0.5856085114003491
EloDiff + AwayPointsLast5 + XGDDiffLast5 + ShotOTDiffLast5,4,ShotOTDiffLast5,0.5401315789473684,0.5401315789473684,0.9833852135571934,0.5860446340714837
EloDiff + HomeElo + XGDDiffLast5 + AwayGoalsAgainstPerGame,4,AwayGoalsAgainstPerGame,0.5414473684210526,0.5414473684210527,0.983403121748834,0.5848821366148776
EloDiff + HomeElo + XGDDiffLast5 + HomeGDPerGame,4,HomeGDPerGame,0.5434210526315789,0.5434210526315789,0.9834182171764088,0.5852964544587965
EloDiff + HomeGDPerGame + XGDDiffLast5 + HomeElo,4,HomeElo,0.5434210526315789,0.5434210526315789,0.9834182171764088,0.5852964544587965
EloDiff + HomeShotsOnTargetAgainstLast5 + XGDDiffLast5 + HomePointsLast5,4,HomePointsLast5,0.5453947368421053,0.5453947368421053,0.9834476033676687,0.586312852642257
EloDiff + HomeGDPerGame + XGDDiffLast5 + HomeShotsOnTargetAgainstLast5,4,HomeShotsOnTargetAgainstLast5,0.5447368421052632,0.5447368421052632,0.9834493745731907,0.5861147976047614
EloDiff + HomeShotsOnTargetAgainstLast5 + XGDDiffLast5 + HomeGDPerGame,4,HomeGDPerGame,0.5447368421052632,0.5447368421052632,0.9834493745731907,0.5861147976047614
EloDiff + AwayElo + XGDDiffLast5 + GoalsAgainstPerGameDiff,4,GoalsAgainstPerGameDiff,0.5381578947368422,0.5381578947368421,0.9834505765241393,0.5857007791391411
EloDiff + AwayGoalsLast5 + XGDDiffLast5 + AwayPointsLast5,4,AwayPointsLast5,0.5414473684210526,0.5414473684210527,0.98345424821137,0.5862752988207548
EloDiff + AwayPointsLast5 + XGDDiffLast5 + AwayGoalsLast5,4,AwayGoalsLast5,0.5414473684210526,0.5414473684210527,0.98345424821137,0.5862752988207548
EloDiff + HomeShotsOnTargetAgainstLast5 + XGDDiffLast5 + HomeGoalsLast5,4,HomeGoalsLast5,0.5473684210526315,0.5473684210526316,0.9834698702280229,0.5860568522174348
EloDiff + AwayPointsLast5 + XGDDiffLast5 + HomePointsLast5,4,HomePointsLast5,0.5421052631578946,0.5421052631578948,0.9834829158546303,0.5859415146776452
EloDiff + HomeElo + XGDDiffLast5 + GoalDiffLast5,4,GoalDiffLast5,0.5401315789473684,0.5401315789473684,0.9834936244253629,0.585432047018077
EloDiff + GoalDiffLast5 + XGDDiffLast5 + HomeElo,4,HomeElo,0.5401315789473684,0.5401315789473684,0.9834936244253629,0.585432047018077
EloDiff + HomeShotsOnTargetAgainstLast5 + XGDDiffLast5 + PPGDiff,4,PPGDiff,0.544078947368421,0.5440789473684211,0.9834957874681787,0.5866569122399591
EloDiff + HomeGDPerGame + XGDDiffLast5 + AwayElo,4,AwayElo,0.5453947368421053,0.5453947368421053,0.9835060634141379,0.5854191827392128
EloDiff + AwayElo + XGDDiffLast5 + HomeGDPerGame,4,HomeGDPerGame,0.5453947368421053,0.5453947368421053,0.9835060634141379,0.5854191827392128
EloDiff + HomeShotsOnTargetAgainstLast5 + XGDDiffLast5 + HomePPG,4,HomePPG,0.5421052631578948,0.5421052631578948,0.9835285877989532,0.5861578909375841
EloDiff + HomeShotsAgainstLast5 + XGDDiffLast5 + HomeGoalsLast5,4,HomeGoalsLast5,0.5453947368421053,0.5453947368421053,0.9835610349153665,0.5862122149927811
EloDiff + HomeElo + XGDDiffLast5 + ShotDiffLast5,4,ShotDiffLast5,0.5440789473684211,0.5440789473684211,0.983561382994407,0.5856065544376431
EloDiff + HomeElo + XGDDiffLast5 + HomeGoalsLast5,4,HomeGoalsLast5,0.5427631578947368,0.5427631578947368,0.9835650742997808,0.5852966024227335
EloDiff + HomeElo + XGDDiffLast5 + AwayShotsOnTargetLast5,4,AwayShotsOnTargetLast5,0.5414473684210527,0.5414473684210527,0.9835911569488858,0.5852417342275591
EloDiff + GoalDiffLast5 + XGDDiffLast5 + AwayElo,4,AwayElo,0.5401315789473684,0.5401315789473684,0.9836232897795488,0.5855580202129209
EloDiff + AwayElo + XGDDiffLast5 + GoalDiffLast5,4,GoalDiffLast5,0.5401315789473684,0.5401315789473684,0.9836232897795488,0.5855580202129209
EloDiff + HomeShotsAgainstLast5 + XGDDiffLast5 + HomePPG,4,HomePPG,0.5460526315789473,0.5460526315789473,0.9836320521838782,0.5862990542148339
EloDiff + AwayGoalsLast5 + XGDDiffLast5 + PPGDiff,4,PPGDiff,0.5375000000000001,0.5375,0.9836354727699399,0.5866994022294886
EloDiff + AwayElo + XGDDiffLast5 + HomeShotsOnTargetLast5,4,HomeShotsOnTargetLast5,0.5427631578947367,0.5427631578947368,0.9836702248045686,0.5856518652337023
EloDiff + HomeShotsOnTargetLast5 + XGDDiffLast5 + AwayElo,4,AwayElo,0.5427631578947367,0.5427631578947368,0.9836702248045688,0.5856518652337023
EloDiff + ShotOTDiffLast5 + XGAgainstDiffLast5 + AwayPointsLast5,4,AwayPointsLast5,0.5361842105263158,0.5361842105263158,0.983680138766124,0.5861812785037394
EloDiff + AwayElo + XGDDiffLast5 + HomeGoalsLast5,4,HomeGoalsLast5,0.5440789473684211,0.5440789473684211,0.9836827679516534,0.5854178818063355
EloDiff + AwayElo + XGDDiffLast5 + ShotDiffLast5,4,ShotDiffLast5,0.5440789473684211,0.5440789473684211,0.9836914658811466,0.585729548819435
EloDiff + HomeShotsAgainstLast5 + XGDDiffLast5 + HomeGoalsPerGame,4,HomeGoalsPerGame,0.5460526315789473,0.5460526315789473,0.983696819617436,0.5859749589387446
EloDiff + HomeShotsAgainstLast5 + XGDDiffLast5 + HomeGDPerGame,4,HomeGDPerGame,0.5440789473684211,0.5440789473684211,0.9836972473274191,0.5863841579943262
EloDiff + HomeGDPerGame + XGDDiffLast5 + HomeShotsAgainstLast5,4,HomeShotsAgainstLast5,0.5440789473684211,0.5440789473684211,0.9836972473274191,0.5863841579943262
EloDiff + HomeElo + XGDDiffLast5 + HomeShotsOnTargetLast5,4,HomeShotsOnTargetLast5,0.5421052631578946,0.5421052631578948,0.9837098433743892,0.5856160327225082
EloDiff + HomeShotsOnTargetLast5 + XGDDiffLast5 + HomeElo,4,HomeElo,0.5421052631578946,0.5421052631578948,0.9837098433743892,0.5856160327225082
EloDiff + AwayElo + XGDDiffLast5 + AwayShotsOnTargetLast5,4,AwayShotsOnTargetLast5,0.5421052631578948,0.5421052631578948,0.983710575777111,0.5853689560387243
EloDiff + HomeShotsOnTargetLast5 + XGDDiffLast5 + HomePointsLast5,4,HomePointsLast5,0.5414473684210526,0.5414473684210527,0.9837330160250157,0.5867563053205926
EloDiff + HomeShotsOnTargetAgainstLast5 + XGDDiffLast5 + HomeGoalsPerGame,4,HomeGoalsPerGame,0.5473684210526316,0.5473684210526316,0.9837487563373772,0.5858781342083539
EloDiff + HomeShotsAgainstLast5 + XGDDiffLast5 + PPGDiff,4,PPGDiff,0.5414473684210527,0.5414473684210527,0.9837509364787146,0.5868309704370138
EloDiff + HomeGDPerGame + XGDDiffLast5 + GDPerGameDiff,4,GDPerGameDiff,0.5388157894736842,0.5388157894736842,0.9837637781544516,0.5868037567542065
EloDiff + HomeGDPerGame + XGDDiffLast5 + HomePPG,4,HomePPG,0.5440789473684211,0.5440789473684211,0.9837653894701733,0.5862388179854403
EloDiff + HomeGDPerGame + XGDDiffLast5 + PPGDiff,4,PPGDiff,0.542763157894737,0.5427631578947368,0.9837767489778522,0.5866651810460937
EloDiff + HomeGDPerGame + XGDDiffLast5 + AwayGDPerGame,4,AwayGDPerGame,0.5388157894736842,0.5388157894736842,0.9838054922455093,0.5868348657834689
EloDiff + AwayPointsLast5 + XGDDiffLast5 + XGAgainstDiffPg,4,XGAgainstDiffPg,0.5337837837837838,0.5337837837837838,0.9838354217970722,0.5867352825537572
EloDiff + HomeShotsOnTargetAgainstLast5 + XGDDiffLast5 + XGDDiff,4,XGDDiff,0.5310810810810811,0.531081081081081,0.9838695068953257,0.5872118930728428
EloDiff + HomeShotsAgainstLast5 + XGDDiffLast5 + HomePointsLast5,4,HomePointsLast5,0.5453947368421053,0.5453947368421053,0.9838726186559212,0.5866387056433029
EloDiff + HomeGDPerGame + XGDDiffLast5 + XGDDiff,4,XGDDiff,0.5344594594594595,0.5344594594594595,0.9838929920147499,0.5871940609333259
EloDiff + AwayPointsLast5 + XGDDiffLast5 + AwayShotsOnTargetAgainstLast5,4,AwayShotsOnTargetAgainstLast5,0.5388157894736842,0.5388157894736842,0.9839018784790827,0.5861575674660747
EloDiff + AwayPointsLast5 + XGDDiffLast5 + GoalAgainstDiffLast5,4,GoalAgainstDiffLast5,0.5381578947368422,0.5381578947368421,0.9839108776511032,0.5865992143524971
EloDiff + AwayGoalsLast5 + XGDDiffLast5 + HomeGoalsPerGame,4,HomeGoalsPerGame,0.5407894736842106,0.5407894736842105,0.9839227855581454,0.5861522726202294
EloDiff + HomeShotsOnTargetLast5 + XGDDiffLast5 + XGDDiff,4,XGDDiff,0.5331081081081082,0.5331081081081082,0.9839312567056646,0.5876202153922874
EloDiff + HomeGDPerGame + XGDDiffLast5 + HomePointsLast5,4,HomePointsLast5,0.5447368421052632,0.5447368421052632,0.9839426375487519,0.5863489105894069
EloDiff + AwayPointsLast5 + XGDDiffLast5 + AwayShotsAgainstLast5,4,AwayShotsAgainstLast5,0.5388157894736842,0.5388157894736842,0.9839458221213713,0.5865466644081846
EloDiff + HomeGDPerGame + XGDDiffLast5 + GoalDiffLast5,4,GoalDiffLast5,0.5388157894736842,0.5388157894736842,0.9839478310800018,0.5863697597794916
EloDiff + GoalDiffLast5 + XGDDiffLast5 + HomeGDPerGame,4,HomeGDPerGame,0.5388157894736842,0.5388157894736842,0.983947831080002,0.5863697597794916
EloDiff + HomeElo + XGDDiffLast5 + HomeGoalsPerGame,4,HomeGoalsPerGame,0.5467105263157894,0.5467105263157894,0.9840194441967283,0.5855772780507862
EloDiff + HomeShotsOnTargetLast5 + XGDDiffLast5 + GDPerGameDiff,4,GDPerGameDiff,0.5394736842105263,0.5394736842105263,0.9840687607891867,0.5874145601394851
EloDiff + AwayElo + XGDDiffLast5 + AwayShotsAgainstLast5,4,AwayShotsAgainstLast5,0.544078947368421,0.5440789473684211,0.9840986817399493,0.5856041698097774
EloDiff + HomeElo + XGDDiffLast5 + XGForDiffLast5,4,XGForDiffLast5,0.5414473684210527,0.5414473684210527,0.9841232192128802,0.5857811689176526
EloDiff + HomeElo + XGDDiffLast5 + AwayShotsAgainstLast5,4,AwayShotsAgainstLast5,0.5427631578947368,0.5427631578947368,0.9841811446723012,0.5855833218731221
EloDiff + AwayElo + XGDDiffLast5 + HomeGoalsPerGame,4,HomeGoalsPerGame,0.5467105263157894,0.5467105263157894,0.984181350674854,0.585703572425069
EloDiff + HomeGDPerGame + XGDDiffLast5 + ShotDiffLast5,4,ShotDiffLast5,0.5440789473684211,0.5440789473684211,0.9841894051428053,0.5867197435341326
EloDiff + HomeShotsOnTargetLast5 + XGDDiffLast5 + GoalsPerGameDiff,4,GoalsPerGameDiff,0.5407894736842105,0.5407894736842105,0.9842020068563139,0.587320711011529
EloDiff + HomeGDPerGame + XGDDiffLast5 + AwayGoalsAgainstPerGame,4,AwayGoalsAgainstPerGame,0.5388157894736842,0.5388157894736842,0.9842112239137225,0.5865278617966566
EloDiff + HomeGDPerGame + XGDDiffLast5 + AwayShotsOnTargetLast5,4,AwayShotsOnTargetLast5,0.5421052631578946,0.5421052631578948,0.98424224112847,0.5865674775055365
EloDiff + AwayElo + XGDDiffLast5 + XGForDiffLast5,4,XGForDiffLast5,0.5421052631578948,0.5421052631578948,0.9842453076439055,0.5859028094979088
EloDiff + HomeElo + XGDDiffLast5 + XGAgainstDiffLast5,4,XGAgainstDiffLast5,0.5401315789473684,0.5401315789473684,0.9842558756749047,0.5858674430977884
EloDiff + HomeGDPerGame + XGDDiffLast5 + AwayPPG,4,AwayPPG,0.543421052631579,0.5434210526315789,0.9843018168431331,0.5868347856320257
EloDiff + GoalDiffLast5 + XGDDiffLast5 + HomeGoalsLast5,4,HomeGoalsLast5,0.5401315789473684,0.5401315789473684,0.984304107353818,0.5866360796055057
EloDiff + AwayPointsLast5 + XGDDiffLast5 + HomeShotsOnTargetLast5,4,HomeShotsOnTargetLast5,0.5355263157894736,0.5355263157894737,0.984309010048678,0.5869103406708844
EloDiff + HomeShotsOnTargetLast5 + XGDDiffLast5 + AwayPointsLast5,4,AwayPointsLast5,0.5355263157894736,0.5355263157894737,0.984309010048678,0.5869103406708844
EloDiff + HomeGDPerGame + XGDDiffLast5 + HomeGoalsLast5,4,HomeGoalsLast5,0.5453947368421053,0.5453947368421053,0.9843134428427287,0.5862758380034908
EloDiff + HomeShotsOnTargetAgainstLast5 + XGDDiffLast5 + AwayShotsOnTargetLast5,4,AwayShotsOnTargetLast5,0.5440789473684211,0.5440789473684211,0.984325788620088,0.5869210571646097
EloDiff + AwayPointsLast5 + XGDDiffLast5 + XGForDiffPg,4,XGForDiffPg,0.5337837837837838,0.5337837837837838,0.9843348588521489,0.5870543342379946
EloDiff + AwayGoalsLast5 + XGDDiffLast5 + HomeGoalsLast5,4,HomeGoalsLast5,0.5401315789473684,0.5401315789473684,0.9843421355518716,0.5866598799114928
EloDiff + GoalDiffLast5 + XGDDiffLast5 + HomePPG,4,HomePPG,0.5407894736842105,0.5407894736842105,0.9843432934880536,0.5866359760776434
EloDiff + AwayGoalsLast5 + XGDDiffLast5 + GoalDiffLast5,4,GoalDiffLast5,0.5401315789473684,0.5401315789473684,0.9843550296012515,0.5866741290281496
EloDiff + GoalDiffLast5 + XGDDiffLast5 + AwayGoalsLast5,4,AwayGoalsLast5,0.5401315789473684,0.5401315789473684,0.9843550296012515,0.5866741290281496
EloDiff + HomeShotsOnTargetAgainstLast5 + XGDDiffLast5 + GoalsAgainstPerGameDiff,4,GoalsAgainstPerGameDiff,0.5381578947368422,0.5381578947368421,0.9843727506992739,0.5871905504250392
EloDiff + HomeShotsOnTargetLast5 + XGDDiffLast5 + HomeGDPerGame,4,HomeGDPerGame,0.5407894736842105,0.5407894736842105,0.9843969166958271,0.5869939806776028
EloDiff + HomeGDPerGame + XGDDiffLast5 + HomeShotsOnTargetLast5,4,HomeShotsOnTargetLast5,0.5407894736842105,0.5407894736842105,0.9843969166958271,0.5869939806776027
EloDiff + AwayElo + XGDDiffLast5 + XGAgainstDiffLast5,4,XGAgainstDiffLast5,0.542763157894737,0.5427631578947368,0.9844055786851056,0.5860055920548185
EloDiff + HomeElo + XGDDiffLast5 + HomeGoalsAgainstLast5,4,HomeGoalsAgainstLast5,0.5427631578947368,0.5427631578947368,0.9844374720759468,0.5857993221509459
EloDiff + GoalDiffLast5 + XGDDiffLast5 + PPGDiff,4,PPGDiff,0.5407894736842105,0.5407894736842105,0.9844566327341981,0.587201789447243
EloDiff + HomeShotsOnTargetAgainstLast5 + XGDDiffLast5 + ShotDiffLast5,4,ShotDiffLast5,0.5467105263157894,0.5467105263157894,0.9844712226273034,0.5871603210959386
EloDiff + HomeShotsAgainstLast5 + XGDDiffLast5 + AwayShotsOnTargetLast5,4,AwayShotsOnTargetLast5,0.5434210526315789,0.5434210526315789,0.9844751037151741,0.5870930425796679
EloDiff + GoalDiffLast5 + XGDDiffLast5 + GDPerGameDiff,4,GDPerGameDiff,0.5361842105263157,0.5361842105263158,0.984477932104357,0.5873091582189981
EloDiff + HomeElo + XGDDiffLast5 + ShotOTDiffLast5,4,ShotOTDiffLast5,0.5421052631578948,0.5421052631578948,0.9844828672373811,0.5860158581258587
EloDiff + ShotDiffLast5 + HomeShotsAgainstLast5 + GDPerGameDiff,4,GDPerGameDiff,0.5361842105263157,0.5361842105263158,0.9845064134805479,0.587292978614943
EloDiff + HomeShotsAgainstLast5 + XGDDiffLast5 + GoalsAgainstPerGameDiff,4,GoalsAgainstPerGameDiff,0.5394736842105263,0.5394736842105263,0.9845209118053254,0.5873043992808717
EloDiff + AwayElo + XGDDiffLast5 + HomeGoalsAgainstLast5,4,HomeGoalsAgainstLast5,0.5434210526315789,0.5434210526315789,0.9845406287504432,0.5859154809487856
EloDiff + AwayGoalsLast5 + XGDDiffLast5 + HomeShotsOnTargetAgainstLast5,4,HomeShotsOnTargetAgainstLast5,0.5414473684210527,0.5414473684210527,0.9845411347423332,0.5869939656582845
EloDiff + HomeShotsOnTargetAgainstLast5 + XGDDiffLast5 + AwayGoalsLast5,4,AwayGoalsLast5,0.5414473684210527,0.5414473684210527,0.9845411347423332,0.5869939656582845
EloDiff + HomeGDPerGame + XGDDiffLast5 + GoalsAgainstPerGameDiff,4,GoalsAgainstPerGameDiff,0.5375,0.5375,0.9845423353487914,0.5869575578702421
EloDiff + HomeShotsOnTargetLast5 + XGDDiffLast5 + HomePPG,4,HomePPG,0.5368421052631579,0.5368421052631579,0.9845510704394524,0.5871387438937583
EloDiff + HomeShotsOnTargetLast5 + XGDDiffLast5 + PPGDiff,4,PPGDiff,0.5388157894736842,0.5388157894736842,0.9845852289666851,0.5876797552246543
EloDiff + HomeShotsOnTargetAgainstLast5 + XGDDiffLast5 + HomeShotsOnTargetLast5,4,HomeShotsOnTargetLast5,0.5421052631578948,0.5421052631578948,0.9845886129850179,0.5872884479626828
EloDiff + HomeShotsOnTargetLast5 + XGDDiffLast5 + HomeShotsOnTargetAgainstLast5,4,HomeShotsOnTargetAgainstLast5,0.5421052631578948,0.5421052631578948,0.9845886129850179,0.5872884479626829
EloDiff + GoalDiffLast5 + XGDDiffLast5 + HomeShotsOnTargetLast5,4,HomeShotsOnTargetLast5,0.5427631578947368,0.5427631578947368,0.9845913089884568,0.5873151187768313
EloDiff + HomeShotsOnTargetLast5 + XGDDiffLast5 + GoalDiffLast5,4,GoalDiffLast5,0.5427631578947368,0.5427631578947368,0.9845913089884568,0.5873151187768313
EloDiff + GoalDiffLast5 + XGDDiffLast5 + HomePointsLast5,4,HomePointsLast5,0.5421052631578948,0.5421052631578948,0.9845965562142294,0.5869845964061211
EloDiff + HomeShotsOnTargetAgainstLast5 + XGDDiffLast5 + GoalDiffLast5,4,GoalDiffLast5,0.5434210526315789,0.5434210526315789,0.9846087408969808,0.5871316849989318
EloDiff + GoalDiffLast5 + XGDDiffLast5 + HomeShotsOnTargetAgainstLast5,4,HomeShotsOnTargetAgainstLast5,0.5434210526315789,0.5434210526315789,0.9846087408969808,0.5871316849989318
EloDiff + AwayElo + XGDDiffLast5 + ShotOTDiffLast5,4,ShotOTDiffLast5,0.5407894736842105,0.5407894736842105,0.9846444587452592,0.5861548090376502
EloDiff + HomeGDPerGame + XGDDiffLast5 + XGForDiffLast5,4,XGForDiffLast5,0.5421052631578948,0.5421052631578948,0.9846701950928918,0.5868397581251796
EloDiff + GoalDiffLast5 + XGDDiffLast5 + XGDDiff,4,XGDDiff,0.5351351351351351,0.5351351351351351,0.9846781748815681,0.5877750422148643
EloDiff + HomeElo + XGDDiffLast5 + AwayShotsOnTargetAgainstLast5,4,AwayShotsOnTargetAgainstLast5,0.5427631578947368,0.5427631578947368,0.9846792733210832,0.585719235381314
EloDiff + ShotDiffLast5 + HomeShotsAgainstLast5 + AwayShotsOnTargetAgainstLast5,4,AwayShotsOnTargetAgainstLast5,0.5368421052631579,0.5368421052631579,0.984699677831663,0.5864361919211445
EloDiff + HomeShotsAgainstLast5 + XGDDiffLast5 + AwayGoalsLast5,4,AwayGoalsLast5,0.5421052631578948,0.5421052631578948,0.9847136613152476,0.5871735870079806
EloDiff + AwayGoalsLast5 + XGDDiffLast5 + HomeShotsAgainstLast5,4,HomeShotsAgainstLast5,0.5421052631578948,0.5421052631578948,0.9847136613152476,0.5871735870079806
EloDiff + AwayPointsLast5 + XGDDiffLast5 + AwayGoalsAgainstLast5,4,AwayGoalsAgainstLast5,0.5368421052631579,0.5368421052631579,0.9847139858346805,0.5870157247743726
EloDiff + AwayElo + XGDDiffLast5 + AwayShotsOnTargetAgainstLast5,4,AwayShotsOnTargetAgainstLast5,0.5421052631578948,0.5421052631578948,0.9847159188038646,0.5857992114908773
EloDiff + ShotDiffLast5 + HomeShotsAgainstLast5 + XGDDiffLast5,4,XGDDiffLast5,0.5460526315789473,0.5460526315789473,0.9847498452807767,0.58739652183208
EloDiff + HomeShotsAgainstLast5 + XGDDiffLast5 + ShotDiffLast5,4,ShotDiffLast5,0.5460526315789473,0.5460526315789473,0.9847498452807767,0.58739652183208
EloDiff + HomeGDPerGame + XGDDiffLast5 + HomeGoalsAgainstLast5,4,HomeGoalsAgainstLast5,0.542763157894737,0.5427631578947368,0.9847624766060274,0.5867533782630285
EloDiff + ShotOTDiffLast5 + XGAgainstDiffLast5 + HomeElo,4,HomeElo,0.5401315789473684,0.5401315789473684,0.9847733803129634,0.5861002065589589
EloDiff + HomeShotsAgainstLast5 + XGDDiffLast5 + HomeShotsOnTargetAgainstLast5,4,HomeShotsOnTargetAgainstLast5,0.5453947368421053,0.5453947368421053,0.9847874055927124,0.5872871012460155
EloDiff + HomeShotsOnTargetAgainstLast5 + XGDDiffLast5 + HomeShotsAgainstLast5,4,HomeShotsAgainstLast5,0.5453947368421053,0.5453947368421053,0.9847874055927124,0.5872871012460155
EloDiff + ShotDiffLast5 + HomeShotsAgainstLast5 + HomeGoalsLast5,4,HomeGoalsLast5,0.5421052631578948,0.5421052631578948,0.9848002559259121,0.5863707240802933
EloDiff + HomeGDPerGame + XGDDiffLast5 + XGAgainstDiffLast5,4,XGAgainstDiffLast5,0.5427631578947368,0.5427631578947368,0.9848068695629276,0.5869312880945672
EloDiff + HomeGDPerGame + XGDDiffLast5 + AwayShotsAgainstLast5,4,AwayShotsAgainstLast5,0.5407894736842105,0.5407894736842105,0.9848214499433325,0.58712193155038
EloDiff + GoalDiffLast5 + XGDDiffLast5 + HomeShotsAgainstLast5,4,HomeShotsAgainstLast5,0.5421052631578948,0.5421052631578948,0.9848298599096219,0.5873262888503388
EloDiff + HomeShotsAgainstLast5 + XGDDiffLast5 + GoalDiffLast5,4,GoalDiffLast5,0.5421052631578948,0.5421052631578948,0.9848298599096219,0.5873262888503388
EloDiff + HomeShotsOnTargetAgainstLast5 + XGDDiffLast5 + HomeGoalsAgainstLast5,4,HomeGoalsAgainstLast5,0.543421052631579,0.5434210526315789,0.9848329817849166,0.587162020718038
EloDiff + HomeShotsAgainstLast5 + XGDDiffLast5 + AwayPPG,4,AwayPPG,0.5407894736842106,0.5407894736842105,0.9848443168384331,0.5873205783441342
EloDiff + HomeShotsOnTargetAgainstLast5 + XGDDiffLast5 + AwayPPG,4,AwayPPG,0.5414473684210527,0.5414473684210527,0.9848632354174587,0.5872537384294632
EloDiff + ShotDiffLast5 + HomeShotsAgainstLast5 + GoalsPerGameDiff,4,GoalsPerGameDiff,0.5335526315789474,0.5335526315789474,0.9848684034041953,0.5870553940963099
EloDiff + HomeGDPerGame + XGDDiffLast5 + AwayGoalsLast5,4,AwayGoalsLast5,0.5414473684210527,0.5414473684210527,0.9848725925690232,0.5869888920994853
EloDiff + AwayGoalsLast5 + XGDDiffLast5 + HomeGDPerGame,4,HomeGDPerGame,0.5414473684210527,0.5414473684210527,0.9848725925690232,0.5869888920994853
EloDiff + AwayGoalsLast5 + XGDDiffLast5 + AwayShotsOnTargetLast5,4,AwayShotsOnTargetLast5,0.5394736842105262,0.5394736842105263,0.9848915832625977,0.587219680538536
EloDiff + ShotOTDiffLast5 + XGAgainstDiffLast5 + AwayElo,4,AwayElo,0.5414473684210527,0.5414473684210527,0.9849309819102633,0.5862392339915823
EloDiff + ShotDiffLast5 + HomeShotsAgainstLast5 + PPGDiff,4,PPGDiff,0.5361842105263158,0.5361842105263158,0.9849389807173474,0.5872187563379618
EloDiff + GoalDiffLast5 + XGDDiffLast5 + ShotOTDiffLast5,4,ShotOTDiffLast5,0.5394736842105263,0.5394736842105263,0.984939393364616,0.5872058643455643
EloDiff + HomeShotsAgainstLast5 + XGDDiffLast5 + HomeShotsOnTargetLast5,4,HomeShotsOnTargetLast5,0.5414473684210526,0.5414473684210527,0.9849470684458681,0.5875637380383222
EloDiff + HomeShotsOnTargetLast5 + XGDDiffLast5 + HomeShotsAgainstLast5,4,HomeShotsAgainstLast5,0.5414473684210526,0.5414473684210527,0.9849470684458681,0.5875637380383222
EloDiff + HomeShotsAgainstLast5 + XGDDiffLast5 + AwayGDPerGame,4,AwayGDPerGame,0.5388157894736842,0.5388157894736842,0.9849514400655995,0.5876701476648036
EloDiff + HomeElo + XGDDiffLast5 + AwayGoalsLast5,4,AwayGoalsLast5,0.5407894736842105,0.5407894736842105,0.984962624050798,0.5864825669540734
EloDiff + AwayGoalsLast5 + XGDDiffLast5 + HomeElo,4,HomeElo,0.5407894736842105,0.5407894736842105,0.984962624050798,0.5864825669540733
EloDiff + ShotOTDiffLast5 + HomeShotsAgainstLast5 + AwayShotsOnTargetAgainstLast5,4,AwayShotsOnTargetAgainstLast5,0.5388157894736841,0.5388157894736842,0.9849631196358182,0.5867860461141309
EloDiff + HomeShotsOnTargetLast5 + XGDDiffLast5 + HomeGoalsLast5,4,HomeGoalsLast5,0.5388157894736842,0.5388157894736842,0.9850332111942137,0.5873615196168007
EloDiff + HomeGDPerGame + XGDDiffLast5 + ShotOTDiffLast5,4,ShotOTDiffLast5,0.5407894736842105,0.5407894736842105,0.9850586423367393,0.5871349073465484
EloDiff + ShotOTDiffLast5 + XGAgainstDiffLast5 + HomeGDPerGame,4,HomeGDPerGame,0.5368421052631579,0.5368421052631579,0.9850596373283093,0.5869633874421603
EloDiff + ShotDiffLast5 + HomeShotsAgainstLast5 + XGAgainstDiffLast5,4,XGAgainstDiffLast5,0.5388157894736841,0.5388157894736842,0.9850815929742736,0.5872849654110797
EloDiff + HomeElo + XGDDiffLast5 + XGAgainstDiffPg,4,XGAgainstDiffPg,0.5398648648648648,0.5398648648648648,0.9850985416473197,0.5868289356217218
EloDiff + ShotOTDiffLast5 + XGAgainstDiffLast5 + GDPerGameDiff,4,GDPerGameDiff,0.5355263157894737,0.5355263157894737,0.9851047395257351,0.5877209889535382
EloDiff + HomeShotsOnTargetAgainstLast5 + XGDDiffLast5 + AwayGDPerGame,4,AwayGDPerGame,0.5394736842105263,0.5394736842105263,0.9851102025418675,0.5877079383152924
EloDiff + ShotOTDiffLast5 + HomeShotsAgainstLast5 + PPGDiff,4,PPGDiff,0.5414473684210527,0.5414473684210527,0.9851321678523786,0.5873270657575023
EloDiff + ShotOTDiffLast5 + HomeShotsAgainstLast5 + GDPerGameDiff,4,GDPerGameDiff,0.5434210526315789,0.5434210526315789,0.985144612345185,0.5875655851647594
EloDiff + AwayGoalsLast5 + XGDDiffLast5 + GoalsAgainstPerGameDiff,4,GoalsAgainstPerGameDiff,0.5375,0.5375,0.985148078792188,0.5876865526764402
EloDiff + HomeShotsOnTargetLast5 + XGDDiffLast5 + GoalsAgainstPerGameDiff,4,GoalsAgainstPerGameDiff,0.5355263157894736,0.5355263157894737,0.985148592456869,0.5879254126012302
EloDiff + AwayGoalsLast5 + XGDDiffLast5 + ShotDiffLast5,4,ShotDiffLast5,0.5427631578947368,0.5427631578947368,0.9851660180773094,0.5875085604515224
EloDiff + ShotDiffLast5 + HomeShotsAgainstLast5 + HomeElo,4,HomeElo,0.5434210526315789,0.5434210526315789,0.9851672660932957,0.5858435559162667
EloDiff + GoalDiffLast5 + XGDDiffLast5 + AwayShotsOnTargetLast5,4,AwayShotsOnTargetLast5,0.5421052631578948,0.5421052631578948,0.9851839479707316,0.5874507406778049
EloDiff + HomeElo + XGDDiffLast5 + GoalAgainstDiffLast5,4,GoalAgainstDiffLast5,0.542763157894737,0.5427631578947368,0.9851896434045577,0.5866246033510183
EloDiff + AwayElo + XGDDiffLast5 + XGAgainstDiffPg,4,XGAgainstDiffPg,0.5405405405405406,0.5405405405405406,0.9852367516102548,0.5869602762654839
EloDiff + HomeShotsOnTargetLast5 + XGDDiffLast5 + AwayGDPerGame,4,AwayGDPerGame,0.5394736842105263,0.5394736842105263,0.9852392458800824,0.5879320126334412
EloDiff + AwayElo + XGDDiffLast5 + AwayGoalsAgainstLast5,4,AwayGoalsAgainstLast5,0.5401315789473684,0.5401315789473684,0.985240665072895,0.586520378241693
EloDiff + ShotOTDiffLast5 + XGAgainstDiffLast5 + HomeGoalsLast5,4,HomeGoalsLast5,0.5361842105263158,0.5361842105263158,0.9852413192960975,0.5871673036033259
EloDiff + GoalDiffLast5 + XGDDiffLast5 + GoalsAgainstPerGameDiff,4,GoalsAgainstPerGameDiff,0.5368421052631579,0.5368421052631579,0.9852476346111565,0.5878395001267458
EloDiff + ShotDiffLast5 + HomeShotsAgainstLast5 + HomeGoalsPerGame,4,HomeGoalsPerGame,0.5427631578947368,0.5427631578947368,0.9852582731279813,0.5861217399924978
EloDiff + AwayElo + XGDDiffLast5 + AwayGoalsLast5,4,AwayGoalsLast5,0.5414473684210526,0.5414473684210527,0.9852686419540213,0.5867017022886368
EloDiff + AwayGoalsLast5 + XGDDiffLast5 + AwayElo,4,AwayElo,0.5414473684210526,0.5414473684210527,0.9852686419540215,0.5867017022886368
EloDiff + HomeElo + XGDDiffLast5 + AwayGoalsAgainstLast5,4,AwayGoalsAgainstLast5,0.5414473684210527,0.5414473684210527,0.9852923782865275,0.5864836329811141
EloDiff + ShotOTDiffLast5 + XGAgainstDiffLast5 + XGDDiff,4,XGDDiff,0.5364864864864864,0.5364864864864864,0.9852970254281772,0.5880240545229384
EloDiff + HomeShotsOnTargetAgainstLast5 + XGDDiffLast5 + XGForDiffLast5,4,XGForDiffLast5,0.5453947368421053,0.5453947368421053,0.9852983109396105,0.5875226788038184
EloDiff + HomeGDPerGame + XGDDiffLast5 + AwayShotsOnTargetAgainstLast5,4,AwayShotsOnTargetAgainstLast5,0.5414473684210526,0.5414473684210527,0.9853005735693697,0.5870623978582535
EloDiff + ShotDiffLast5 + HomeShotsAgainstLast5 + AwayElo,4,AwayElo,0.5434210526315789,0.5434210526315789,0.9853118513326233,0.5859654732486715
EloDiff + AwayElo + XGDDiffLast5 + GoalAgainstDiffLast5,4,GoalAgainstDiffLast5,0.543421052631579,0.5434210526315789,0.9853195977279875,0.5867526037160614
EloDiff + GoalDiffLast5 + XGDDiffLast5 + HomeGoalsPerGame,4,HomeGoalsPerGame,0.542763157894737,0.5427631578947368,0.9853197898339373,0.5869661956180394
EloDiff + ShotOTDiffLast5 + XGAgainstDiffLast5 + GoalDiffLast5,4,GoalDiffLast5,0.5375,0.5375,0.9853256685861393,0.5875579881575124
EloDiff + GoalDiffLast5 + XGDDiffLast5 + GoalsPerGameDiff,4,GoalsPerGameDiff,0.5407894736842106,0.5407894736842105,0.9853430943082206,0.5876176384758697
EloDiff + AwayGoalsLast5 + XGDDiffLast5 + HomePPG,4,HomePPG,0.5388157894736842,0.5388157894736842,0.9853683698106132,0.5872729678543913
EloDiff + HomeShotsAgainstLast5 + XGDDiffLast5 + XGForDiffLast5,4,XGForDiffLast5,0.5414473684210526,0.5414473684210527,0.9853822651810554,0.5876653171196743
EloDiff + ShotOTDiffLast5 + XGAgainstDiffLast5 + GoalsPerGameDiff,4,GoalsPerGameDiff,0.5388157894736842,0.5388157894736842,0.9853853298508131,0.5876523443237722
EloDiff + ShotOTDiffLast5 + XGAgainstDiffLast5 + HomePPG,4,HomePPG,0.5361842105263158,0.5361842105263158,0.9853877276327054,0.5871951419232397
EloDiff + HomeShotsAgainstLast5 + XGDDiffLast5 + AwayGoalsAgainstPerGame,4,AwayGoalsAgainstPerGame,0.5355263157894737,0.5355263157894737,0.9853888066456535,0.5875246207917276
EloDiff + ShotDiffLast5 + HomeShotsAgainstLast5 + HomePointsLast5,4,HomePointsLast5,0.5394736842105263,0.5394736842105263,0.9854359688205836,0.5867765384919765
EloDiff + HomeShotsOnTargetAgainstLast5 + XGDDiffLast5 + XGAgainstDiffLast5,4,XGAgainstDiffLast5,0.5447368421052632,0.5447368421052632,0.9854472106942522,0.5876255257288455
EloDiff + AwayGoalsLast5 + XGDDiffLast5 + HomePointsLast5,4,HomePointsLast5,0.5421052631578948,0.5421052631578948,0.9854589312482748,0.5875685837310743
EloDiff + AwayGoalsLast5 + XGDDiffLast5 + ShotOTDiffLast5,4,ShotOTDiffLast5,0.5414473684210526,0.5414473684210527,0.9854641458233397,0.5875855886495627
EloDiff + HomeShotsOnTargetAgainstLast5 + XGDDiffLast5 + ShotOTDiffLast5,4,ShotOTDiffLast5,0.5414473684210527,0.5414473684210527,0.9854686510792812,0.587568892315965
EloDiff + ShotOTDiffLast5 + XGAgainstDiffLast5 + PPGDiff,4,PPGDiff,0.5368421052631579,0.5368421052631579,0.9854716906723874,0.5878974104565975
EloDiff + HomeShotsOnTargetAgainstLast5 + XGDDiffLast5 + AwayGoalsAgainstPerGame,4,AwayGoalsAgainstPerGame,0.5375000000000001,0.5375,0.9854754166491317,0.5876107015043807
EloDiff + ShotDiffLast5 + HomeShotsAgainstLast5 + HomePPG,4,HomePPG,0.5375,0.5375,0.9855010212593354,0.5866729840693286
EloDiff + GoalDiffLast5 + XGDDiffLast5 + ShotDiffLast5,4,ShotDiffLast5,0.5414473684210527,0.5414473684210527,0.9855042413955146,0.5878184567515851
EloDiff + ShotDiffLast5 + HomeShotsAgainstLast5 + HomeGDPerGame,4,HomeGDPerGame,0.5368421052631579,0.5368421052631579,0.9855057888105354,0.5867065205506465
EloDiff + HomeShotsAgainstLast5 + XGDDiffLast5 + ShotOTDiffLast5,4,ShotOTDiffLast5,0.5440789473684211,0.5440789473684211,0.9855116979117858,0.5876704597894008
EloDiff + ShotOTDiffLast5 + HomeShotsAgainstLast5 + XGDDiffLast5,4,XGDDiffLast5,0.5440789473684211,0.5440789473684211,0.9855116979117858,0.5876704597894008
EloDiff + AwayGoalsLast5 + XGDDiffLast5 + XGForDiffLast5,4,XGForDiffLast5,0.5407894736842105,0.5407894736842105,0.9855129482188316,0.5875110856671412
EloDiff + HomeShotsAgainstLast5 + XGDDiffLast5 + HomeGoalsAgainstLast5,4,HomeGoalsAgainstLast5,0.5453947368421053,0.5453947368421053,0.9855143923490859,0.5876236209481096
EloDiff + HomeShotsAgainstLast5 + XGDDiffLast5 + XGAgainstDiffLast5,4,XGAgainstDiffLast5,0.5414473684210526,0.5414473684210527,0.9855533307519895,0.5877835617128113
EloDiff + HomeShotsOnTargetLast5 + XGDDiffLast5 + HomeGoalsAgainstLast5,4,HomeGoalsAgainstLast5,0.5453947368421053,0.5453947368421053,0.9855714508052614,0.5878857460767518
EloDiff + HomeShotsOnTargetLast5 + XGDDiffLast5 + XGForDiffLast5,4,XGForDiffLast5,0.5407894736842105,0.5407894736842105,0.9856123813151665,0.5879424647785783
EloDiff + ShotOTDiffLast5 + HomeShotsAgainstLast5 + HomePointsLast5,4,HomePointsLast5,0.5427631578947368,0.5427631578947368,0.985636082047262,0.586987183965983
EloDiff + AwayGoalsLast5 + XGDDiffLast5 + XGAgainstDiffLast5,4,XGAgainstDiffLast5,0.5407894736842105,0.5407894736842105,0.9856694219583444,0.5876235222030495
EloDiff + GoalDiffLast5 + XGDDiffLast5 + AwayPPG,4,AwayPPG,0.5407894736842105,0.5407894736842105,0.9856818871585468,0.5877537899814425
EloDiff + HomeElo + XGDDiffLast5 + XGForDiffPg,4,XGForDiffPg,0.5398648648648648,0.5398648648648648,0.985683473939339,0.5873667133851918
EloDiff + HomeShotsOnTargetLast5 + XGDDiffLast5 + XGAgainstDiffLast5,4,XGAgainstDiffLast5,0.5401315789473684,0.5401315789473684,0.9857066480789944,0.5880052438220292
EloDiff + ShotOTDiffLast5 + HomeShotsAgainstLast5 + HomeElo,4,HomeElo,0.5434210526315789,0.5434210526315789,0.98573156988782,0.5863850957009888
EloDiff + GoalDiffLast5 + XGDDiffLast5 + XGForDiffLast5,4,XGForDiffLast5,0.5414473684210526,0.5414473684210527,0.9857436079823505,0.5877829708544042
EloDiff + GoalDiffLast5 + XGDDiffLast5 + HomeGoalsAgainstLast5,4,HomeGoalsAgainstLast5,0.5407894736842106,0.5407894736842105,0.985757514879164,0.5878242562287993
EloDiff + ShotOTDiffLast5 + HomeShotsAgainstLast5 + HomeGoalsLast5,4,HomeGoalsLast5,0.5440789473684211,0.5440789473684211,0.9857608126162434,0.5868787195150466
EloDiff + HomeShotsAgainstLast5 + XGDDiffLast5 + XGDDiff,4,XGDDiff,0.5256756756756756,0.5256756756756756,0.9857647324377683,0.5884463030009132
EloDiff + AwayElo + XGDDiffLast5 + XGForDiffPg,4,XGForDiffPg,0.5385135135135135,0.5385135135135135,0.9857876594751589,0.5874584797332543
EloDiff + ShotOTDiffLast5 + HomeShotsAgainstLast5 + HomePPG,4,HomePPG,0.5427631578947368,0.5427631578947368,0.9857942513806857,0.5869113045203931
EloDiff + ShotOTDiffLast5 + XGAgainstDiffLast5 + HomeGoalsPerGame,4,HomeGoalsPerGame,0.5375,0.5375,0.9857950003442186,0.5871460710233286
EloDiff + ShotOTDiffLast5 + HomeShotsAgainstLast5 + HomeGDPerGame,4,HomeGDPerGame,0.5407894736842105,0.5407894736842105,0.9858141289663925,0.5869921726048328
EloDiff + ShotOTDiffLast5 + XGAgainstDiffLast5 + HomePointsLast5,4,HomePointsLast5,0.5368421052631579,0.5368421052631579,0.9858387814594654,0.5876852822293156
EloDiff + GoalDiffLast5 + XGDDiffLast5 + AwayGoalsAgainstPerGame,4,AwayGoalsAgainstPerGame,0.5421052631578948,0.5421052631578948,0.985844102304348,0.5878279672097888
EloDiff + AwayGoalsLast5 + XGDDiffLast5 + XGAgainstDiffPg,4,XGAgainstDiffPg,0.5371621621621622,0.5371621621621622,0.9858458966925736,0.5881983300463617
EloDiff + GoalDiffLast5 + XGDDiffLast5 + XGAgainstDiffLast5,4,XGAgainstDiffLast5,0.5407894736842105,0.5407894736842105,0.9858466085395013,0.5878798923007953
EloDiff + HomeShotsOnTargetAgainstLast5 + XGDDiffLast5 + AwayShotsOnTargetAgainstLast5,4,AwayShotsOnTargetAgainstLast5,0.5421052631578948,0.5421052631578948,0.9858508549124807,0.5876976809314549
EloDiff + HomeShotsOnTargetLast5 + XGDDiffLast5 + AwayPPG,4,AwayPPG,0.5388157894736842,0.5388157894736842,0.985868405266244,0.588121824013536
EloDiff + ShotOTDiffLast5 + HomeShotsAgainstLast5 + XGAgainstDiffLast5,4,XGAgainstDiffLast5,0.5348684210526315,0.5348684210526315,0.9858791618645045,0.5878130216312039
EloDiff + ShotOTDiffLast5 + XGAgainstDiffLast5 + HomeShotsAgainstLast5,4,HomeShotsAgainstLast5,0.5348684210526315,0.5348684210526315,0.9858791618645045,0.5878130216312039
EloDiff + ShotOTDiffLast5 + HomeShotsAgainstLast5 + GoalDiffLast5,4,GoalDiffLast5,0.5421052631578948,0.5421052631578948,0.9858894283064126,0.58749703686287
EloDiff + ShotOTDiffLast5 + HomeShotsAgainstLast5 + GoalsPerGameDiff,4,GoalsPerGameDiff,0.5407894736842105,0.5407894736842105,0.9858912495542944,0.587542189259778
EloDiff + ShotOTDiffLast5 + XGAgainstDiffLast5 + AwayGoalsLast5,4,AwayGoalsLast5,0.5375000000000001,0.5375,0.9858942791402238,0.5878602830878472
EloDiff + ShotOTDiffLast5 + XGAgainstDiffLast5 + HomeShotsOnTargetAgainstLast5,4,HomeShotsOnTargetAgainstLast5,0.5381578947368421,0.5381578947368421,0.9858963783518594,0.5877503019582199
EloDiff + HomeGDPerGame + XGDDiffLast5 + XGAgainstDiffPg,4,XGAgainstDiffPg,0.5378378378378378,0.5378378378378378,0.9858997886294857,0.588138573226392
EloDiff + AwayGoalsLast5 + XGDDiffLast5 + HomeGoalsAgainstLast5,4,HomeGoalsAgainstLast5,0.5394736842105263,0.5394736842105263,0.985914132256261,0.5877917466716627
EloDiff + HomeShotsOnTargetLast5 + XGDDiffLast5 + AwayShotsOnTargetLast5,4,AwayShotsOnTargetLast5,0.5401315789473684,0.5401315789473684,0.985919579604918,0.5881447119845905
EloDiff + ShotOTDiffLast5 + HomeShotsAgainstLast5 + AwayPointsLast5,4,AwayPointsLast5,0.5453947368421053,0.5453947368421053,0.9859307556691933,0.5871511022896817
EloDiff + HomeShotsOnTargetLast5 + XGDDiffLast5 + ShotOTDiffLast5,4,ShotOTDiffLast5,0.5407894736842105,0.5407894736842105,0.9859341246153674,0.5881527205655701
EloDiff + ShotOTDiffLast5 + HomeShotsAgainstLast5 + AwayElo,4,AwayElo,0.5434210526315789,0.5434210526315789,0.9859404908480323,0.5865422430968088
EloDiff + HomeGDPerGame + XGDDiffLast5 + AwayGoalsAgainstLast5,4,AwayGoalsAgainstLast5,0.542763157894737,0.5427631578947368,0.9859511370257643,0.5878816630483915
EloDiff + AwayGoalsLast5 + XGDDiffLast5 + AwayPPG,4,AwayPPG,0.5394736842105263,0.5394736842105263,0.9859599167335684,0.5880848047185341
EloDiff + ShotOTDiffLast5 + XGAgainstDiffLast5 + HomeShotsOnTargetLast5,4,HomeShotsOnTargetLast5,0.5375,0.5375,0.9859856973044534,0.5881032339122974
EloDiff + AwayGoalsLast5 + XGDDiffLast5 + AwayGoalsAgainstPerGame,4,AwayGoalsAgainstPerGame,0.5368421052631579,0.5368421052631579,0.9859919654235028,0.5878006469006541
EloDiff + HomeShotsOnTargetLast5 + XGDDiffLast5 + ShotDiffLast5,4,ShotDiffLast5,0.5414473684210526,0.5414473684210527,0.9860161158940616,0.5883186816088246
EloDiff + ShotOTDiffLast5 + XGAgainstDiffLast5 + AwayShotsOnTargetLast5,4,AwayShotsOnTargetLast5,0.5388157894736841,0.5388157894736842,0.9860249859869901,0.588124117167893
EloDiff + HomeShotsOnTargetLast5 + XGDDiffLast5 + AwayGoalsAgainstPerGame,4,AwayGoalsAgainstPerGame,0.5421052631578946,0.5421052631578948,0.9860464781152859,0.5881189324008066
EloDiff + GoalDiffLast5 + XGDDiffLast5 + AwayGDPerGame,4,AwayGDPerGame,0.5388157894736842,0.5388157894736842,0.986066051246955,0.588249450211726
EloDiff + ShotDiffLast5 + HomeShotsAgainstLast5 + AwayPointsLast5,4,AwayPointsLast5,0.5401315789473684,0.5401315789473684,0.9860664865202473,0.5870335619471345
EloDiff + ShotOTDiffLast5 + XGAgainstDiffLast5 + GoalsAgainstPerGameDiff,4,GoalsAgainstPerGameDiff,0.5335526315789474,0.5335526315789474,0.9861114068239789,0.5881880916846323
EloDiff + HomeGDPerGame + XGDDiffLast5 + GoalAgainstDiffLast5,4,GoalAgainstDiffLast5,0.5401315789473684,0.5401315789473684,0.9861282736095713,0.587847384232266
EloDiff + HomeShotsAgainstLast5 + XGDDiffLast5 + GoalAgainstDiffLast5,4,GoalAgainstDiffLast5,0.543421052631579,0.5434210526315789,0.9861357048573937,0.588247712830264
EloDiff + ShotOTDiffLast5 + HomeShotsAgainstLast5 + GoalsAgainstPerGameDiff,4,GoalsAgainstPerGameDiff,0.5414473684210527,0.5414473684210527,0.9861428151579505,0.5879264569167322
EloDiff + HomeShotsAgainstLast5 + XGDDiffLast5 + AwayShotsOnTargetAgainstLast5,4,AwayShotsOnTargetAgainstLast5,0.5407894736842106,0.5407894736842105,0.9861706024375507,0.58782672632565
EloDiff + ShotDiffLast5 + HomeShotsAgainstLast5 + GoalsAgainstPerGameDiff,4,GoalsAgainstPerGameDiff,0.5361842105263157,0.5361842105263158,0.9862012012428627,0.5881278940857952
EloDiff + ShotOTDiffLast5 + HomeShotsAgainstLast5 + HomeGoalsPerGame,4,HomeGoalsPerGame,0.5421052631578948,0.5421052631578948,0.986216090642215,0.5868000030877685
EloDiff + HomeShotsOnTargetAgainstLast5 + XGDDiffLast5 + GoalAgainstDiffLast5,4,GoalAgainstDiffLast5,0.543421052631579,0.5434210526315789,0.9862344162030511,0.5882594831851993
EloDiff + HomeGDPerGame + XGDDiffLast5 + HomeGoalsPerGame,4,HomeGoalsPerGame,0.5460526315789473,0.5460526315789473,0.9863241323403888,0.586956799186319
EloDiff + ShotDiffLast5 + HomeShotsAgainstLast5 + AwayShotsAgainstLast5,4,AwayShotsAgainstLast5,0.5375,0.5375,0.9864204356509241,0.5879531066572995
EloDiff + ShotOTDiffLast5 + HomeShotsAgainstLast5 + XGDDiff,4,XGDDiff,0.5256756756756756,0.5256756756756756,0.9864333464224696,0.5887687922477933
EloDiff + ShotOTDiffLast5 + XGAgainstDiffLast5 + XGDDiffLast5,4,XGDDiffLast5,0.5401315789473684,0.5401315789473684,0.9864901149814752,0.5883059886764872
EloDiff + ShotOTDiffLast5 + XGAgainstDiffLast5 + XGForDiffLast5,4,XGForDiffLast5,0.5401315789473684,0.5401315789473684,0.9865481572880914,0.5883443413237002
EloDiff + HomeShotsOnTargetLast5 + XGDDiffLast5 + XGAgainstDiffPg,4,XGAgainstDiffPg,0.5351351351351351,0.5351351351351351,0.9865857908568125,0.589070484624139
EloDiff + GoalDiffLast5 + XGDDiffLast5 + AwayShotsAgainstLast5,4,AwayShotsAgainstLast5,0.5401315789473684,0.5401315789473684,0.9866043343360202,0.588566150830771
EloDiff + ShotDiffLast5 + HomeShotsAgainstLast5 + GoalDiffLast5,4,GoalDiffLast5,0.5421052631578948,0.5421052631578948,0.986644153498609,0.5881663619947985
EloDiff + ShotDiffLast5 + HomeShotsAgainstLast5 + AwayGoalsAgainstPerGame,4,AwayGoalsAgainstPerGame,0.5368421052631579,0.5368421052631579,0.9866525871015364,0.5881578967542984
EloDiff + HomeShotsOnTargetAgainstLast5 + XGDDiffLast5 + AwayShotsAgainstLast5,4,AwayShotsAgainstLast5,0.5388157894736842,0.5388157894736842,0.9866525928175536,0.5884081811944777
EloDiff + AwayGoalsLast5 + XGDDiffLast5 + AwayGDPerGame,4,AwayGDPerGame,0.5342105263157895,0.5342105263157895,0.9866607979365382,0.5887873135623323
EloDiff + AwayGoalsLast5 + XGDDiffLast5 + XGForDiffPg,4,XGForDiffPg,0.5371621621621622,0.5371621621621622,0.9866802502019458,0.5885349983209253
EloDiff + AwayGoalsLast5 + XGDDiffLast5 + GoalAgainstDiffLast5,4,GoalAgainstDiffLast5,0.5421052631578948,0.5421052631578948,0.9867075561151113,0.5884881103347689
EloDiff + ShotDiffLast5 + HomeShotsAgainstLast5 + AwayGDPerGame,4,AwayGDPerGame,0.5407894736842105,0.5407894736842105,0.9867175230213414,0.588515964357473
EloDiff + ShotDiffLast5 + HomeShotsAgainstLast5 + AwayPPG,4,AwayPPG,0.5407894736842105,0.5407894736842105,0.9867350533748351,0.5878806591690642
EloDiff + ShotOTDiffLast5 + XGAgainstDiffLast5 + AwayPPG,4,AwayPPG,0.5368421052631579,0.5368421052631579,0.9867897066336906,0.5884561088684126
EloDiff + HomeShotsOnTargetAgainstLast5 + XGDDiffLast5 + XGAgainstDiffPg,4,XGAgainstDiffPg,0.5344594594594595,0.5344594594594595,0.9867903332569798,0.5889663746486375
EloDiff + ShotOTDiffLast5 + XGAgainstDiffLast5 + HomeGoalsAgainstLast5,4,HomeGoalsAgainstLast5,0.5368421052631579,0.5368421052631579,0.9868754156398793,0.5884093651377075
EloDiff + GoalDiffLast5 + XGDDiffLast5 + GoalAgainstDiffLast5,4,GoalAgainstDiffLast5,0.5394736842105263,0.5394736842105263,0.9868760526886617,0.5887305017625087
EloDiff + GoalDiffLast5 + XGDDiffLast5 + AwayShotsOnTargetAgainstLast5,4,AwayShotsOnTargetAgainstLast5,0.5407894736842106,0.5407894736842105,0.9868949813304981,0.5883505830867681
EloDiff + HomeShotsOnTargetLast5 + XGDDiffLast5 + GoalAgainstDiffLast5,4,GoalAgainstDiffLast5,0.5421052631578949,0.5421052631578948,0.9869244715051326,0.5889651817319308
EloDiff + ShotDiffLast5 + HomeShotsAgainstLast5 + HomeShotsOnTargetAgainstLast5,4,HomeShotsOnTargetAgainstLast5,0.5401315789473684,0.5401315789473684,0.9869484931017953,0.5877408238852322
EloDiff + ShotOTDiffLast5 + XGAgainstDiffLast5 + AwayGoalsAgainstPerGame,4,AwayGoalsAgainstPerGame,0.5348684210526315,0.5348684210526315,0.9869589369588787,0.5885578770306702
EloDiff + ShotOTDiffLast5 + HomeShotsAgainstLast5 + AwayGoalsAgainstPerGame,4,AwayGoalsAgainstPerGame,0.5394736842105263,0.5394736842105263,0.9869768080295327,0.588357398895645
EloDiff + ShotOTDiffLast5 + HomeShotsAgainstLast5 + AwayGoalsLast5,4,AwayGoalsLast5,0.5427631578947368,0.5427631578947368,0.9869786305026347,0.5879878094761057
EloDiff + GoalDiffLast5 + XGDDiffLast5 + AwayGoalsAgainstLast5,4,AwayGoalsAgainstLast5,0.5421052631578946,0.5421052631578948,0.9869823760031067,0.5887260477546562
EloDiff + HomeShotsAgainstLast5 + XGDDiffLast5 + AwayGoalsAgainstLast5,4,AwayGoalsAgainstLast5,0.5407894736842106,0.5407894736842105,0.9869927254699136,0.5887388371077324
EloDiff + HomeShotsOnTargetAgainstLast5 + XGDDiffLast5 + AwayGoalsAgainstLast5,4,AwayGoalsAgainstLast5,0.5388157894736842,0.5388157894736842,0.9870094012423349,0.5888178119872387
EloDiff + HomeShotsOnTargetLast5 + XGDDiffLast5 + AwayShotsOnTargetAgainstLast5,4,AwayShotsOnTargetAgainstLast5,0.5427631578947368,0.5427631578947368,0.9870139445517362,0.5886497562255728
EloDiff + ShotOTDiffLast5 + XGAgainstDiffLast5 + AwayGDPerGame,4,AwayGDPerGame,0.5361842105263158,0.5361842105263158,0.9870302196254251,0.5888870279391012
EloDiff + ShotOTDiffLast5 + HomeShotsAgainstLast5 + AwayPPG,4,AwayPPG,0.5421052631578948,0.5421052631578948,0.9870417039450434,0.5882283367499962
EloDiff + AwayGoalsLast5 + XGDDiffLast5 + AwayShotsAgainstLast5,4,AwayShotsAgainstLast5,0.5421052631578948,0.5421052631578948,0.9870474645505576,0.5887546012420248
EloDiff + ShotDiffLast5 + HomeShotsAgainstLast5 + XGDDiff,4,XGDDiff,0.5277027027027027,0.5277027027027027,0.9870662224540547,0.5893871562628684
EloDiff + HomeShotsOnTargetLast5 + XGDDiffLast5 + AwayShotsAgainstLast5,4,AwayShotsAgainstLast5,0.5421052631578948,0.5421052631578948,0.9870671620775775,0.5889808108938659
EloDiff + GoalDiffLast5 + XGDDiffLast5 + XGAgainstDiffPg,4,XGAgainstDiffPg,0.5371621621621621,0.5371621621621622,0.9870687139786638,0.5891137578334932
EloDiff + HomeShotsOnTargetAgainstLast5 + XGDDiffLast5 + XGForDiffPg,4,XGForDiffPg,0.5364864864864864,0.5364864864864864,0.9870806804826662,0.5888837791422897
EloDiff + ShotOTDiffLast5 + HomeShotsAgainstLast5 + HomeShotsOnTargetLast5,4,HomeShotsOnTargetLast5,0.5414473684210526,0.5414473684210527,0.9871561694700953,0.5882273835989404
EloDiff + AwayGoalsLast5 + XGDDiffLast5 + AwayShotsOnTargetAgainstLast5,4,AwayShotsOnTargetAgainstLast5,0.5407894736842106,0.5407894736842105,0.9871661802742898,0.5884102425006631
EloDiff + ShotOTDiffLast5 + HomeShotsAgainstLast5 + HomeShotsOnTargetAgainstLast5,4,HomeShotsOnTargetAgainstLast5,0.5388157894736842,0.5388157894736842,0.9871664301438647,0.5879897977620908
EloDiff + ShotOTDiffLast5 + HomeShotsAgainstLast5 + AwayShotsOnTargetLast5,4,AwayShotsOnTargetLast5,0.5414473684210526,0.5414473684210527,0.9871790511187026,0.5882415414266765
EloDiff + HomeGDPerGame + XGDDiffLast5 + XGForDiffPg,4,XGForDiffPg,0.5324324324324324,0.5324324324324324,0.9872144843286961,0.5888760354484395
EloDiff + ShotDiffLast5 + HomeShotsAgainstLast5 + AwayShotsOnTargetLast5,4,AwayShotsOnTargetLast5,0.5414473684210526,0.5414473684210527,0.9872247323465086,0.588073034427805
EloDiff + HomeShotsAgainstLast5 + XGDDiffLast5 + AwayShotsAgainstLast5,4,AwayShotsAgainstLast5,0.5388157894736842,0.5388157894736842,0.9872498634271079,0.5886920209366013
EloDiff + ShotOTDiffLast5 + HomeShotsAgainstLast5 + XGForDiffLast5,4,XGForDiffLast5,0.5440789473684211,0.5440789473684211,0.9873174108649205,0.5884278914536485
EloDiff + HomeShotsOnTargetLast5 + XGDDiffLast5 + HomeGoalsPerGame,4,HomeGoalsPerGame,0.5414473684210526,0.5414473684210527,0.9873618509723701,0.5884083508007856
EloDiff + ShotOTDiffLast5 + HomeShotsAgainstLast5 + AwayShotsAgainstLast5,4,AwayShotsAgainstLast5,0.5421052631578948,0.5421052631578948,0.987368004656587,0.5884968572939508
EloDiff + ShotDiffLast5 + HomeShotsAgainstLast5 + HomeShotsOnTargetLast5,4,HomeShotsOnTargetLast5,0.5388157894736842,0.5388157894736842,0.9873740372059527,0.5881072577418864
EloDiff + ShotOTDiffLast5 + HomeShotsAgainstLast5 + AwayGDPerGame,4,AwayGDPerGame,0.5388157894736841,0.5388157894736842,0.9873876294584726,0.5889137497057417
EloDiff + HomeShotsOnTargetLast5 + XGDDiffLast5 + AwayGoalsAgainstLast5,4,AwayGoalsAgainstLast5,0.5401315789473684,0.5401315789473684,0.9874338963549538,0.5892397196228392
EloDiff + AwayGoalsLast5 + XGDDiffLast5 + AwayGoalsAgainstLast5,4,AwayGoalsAgainstLast5,0.5407894736842106,0.5407894736842105,0.9874539240790332,0.5888947021379412
EloDiff + ShotOTDiffLast5 + XGAgainstDiffLast5 + GoalAgainstDiffLast5,4,GoalAgainstDiffLast5,0.5394736842105263,0.5394736842105263,0.9876439851011891,0.5891150589484071
EloDiff + ShotDiffLast5 + HomeShotsAgainstLast5 + HomeGoalsAgainstLast5,4,HomeGoalsAgainstLast5,0.5375,0.5375,0.9877422056188667,0.5881913771053568
EloDiff + ShotOTDiffLast5 + XGAgainstDiffLast5 + AwayShotsOnTargetAgainstLast5,4,AwayShotsOnTargetAgainstLast5,0.5335526315789474,0.5335526315789474,0.9877725816683409,0.5887961076934711
EloDiff + ShotDiffLast5 + HomeShotsAgainstLast5 + GoalAgainstDiffLast5,4,GoalAgainstDiffLast5,0.5381578947368422,0.5381578947368421,0.9877801110401145,0.5888711238332799
EloDiff + ShotOTDiffLast5 + XGAgainstDiffLast5 + AwayGoalsAgainstLast5,4,AwayGoalsAgainstLast5,0.5368421052631579,0.5368421052631579,0.9878091734791494,0.5891991571600615
EloDiff + ShotOTDiffLast5 + XGAgainstDiffLast5 + AwayShotsAgainstLast5,4,AwayShotsAgainstLast5,0.5368421052631579,0.5368421052631579,0.9878418565391933,0.5892324973162056
EloDiff + ShotOTDiffLast5 + HomeShotsAgainstLast5 + XGAgainstDiffPg,4,XGAgainstDiffPg,0.5310810810810811,0.5310810810810811,0.9878619477713595,0.5894573043370006
EloDiff + ShotDiffLast5 + HomeShotsAgainstLast5 + AwayGoalsLast5,4,AwayGoalsLast5,0.5434210526315789,0.5434210526315789,0.9879056784038764,0.5884527005071591
EloDiff + HomeShotsOnTargetLast5 + XGDDiffLast5 + XGForDiffPg,4,XGForDiffPg,0.5277027027027027,0.5277027027027027,0.9879316416146102,0.5898971531226241
EloDiff + ShotOTDiffLast5 + HomeShotsAgainstLast5 + HomeGoalsAgainstLast5,4,HomeGoalsAgainstLast5,0.5375,0.5375,0.9879630156227973,0.5884988590051795
EloDiff + ShotDiffLast5 + HomeShotsAgainstLast5 + XGForDiffLast5,4,XGForDiffLast5,0.5434210526315789,0.5434210526315789,0.9880267542526948,0.5889436294965342
EloDiff + ShotDiffLast5 + HomeShotsAgainstLast5 + AwayGoalsAgainstLast5,4,AwayGoalsAgainstLast5,0.5361842105263158,0.5361842105263158,0.9880730035219834,0.5888583848812117
EloDiff + HomeShotsOnTargetLast5 + XGDDiffLast5 + AwayGoalsLast5,4,AwayGoalsLast5,0.5381578947368422,0.5381578947368421,0.9881558968216326,0.5896219914008595
EloDiff + AwayGoalsLast5 + XGDDiffLast5 + HomeShotsOnTargetLast5,4,HomeShotsOnTargetLast5,0.5381578947368422,0.5381578947368421,0.9881558968216326,0.5896219914008595
EloDiff + HomeShotsAgainstLast5 + XGDDiffLast5 + XGAgainstDiffPg,4,XGAgainstDiffPg,0.5337837837837839,0.5337837837837838,0.988265399146768,0.5898876896199983
EloDiff + ShotOTDiffLast5 + XGAgainstDiffLast5 + ShotDiffLast5,4,ShotDiffLast5,0.5368421052631578,0.5368421052631579,0.9882853058012482,0.5892080895660332
EloDiff + ShotOTDiffLast5 + XGAgainstDiffLast5 + XGForDiffPg,4,XGForDiffPg,0.5358108108108108,0.5358108108108108,0.9882954483361631,0.5896998035121697
EloDiff + GoalDiffLast5 + XGDDiffLast5 + XGForDiffPg,4,XGForDiffPg,0.5337837837837838,0.5337837837837838,0.9885102506155885,0.5896223612824905
EloDiff + ShotOTDiffLast5 + XGAgainstDiffLast5 + XGAgainstDiffPg,4,XGAgainstDiffPg,0.5351351351351351,0.5351351351351351,0.988544115849545,0.5898367791725172
EloDiff + ShotDiffLast5 + HomeShotsAgainstLast5 + XGAgainstDiffPg,4,XGAgainstDiffPg,0.5277027027027027,0.5277027027027027,0.9885856720879519,0.589898444173158
EloDiff + ShotOTDiffLast5 + HomeShotsAgainstLast5 + GoalAgainstDiffLast5,4,GoalAgainstDiffLast5,0.5394736842105263,0.5394736842105263,0.9885920623899538,0.5895072829720632
EloDiff + HomeShotsAgainstLast5 + XGDDiffLast5 + XGForDiffPg,4,XGForDiffPg,0.533108108108108,0.5331081081081082,0.9887180321487481,0.5898824740949906
EloDiff + ShotOTDiffLast5 + HomeShotsAgainstLast5 + AwayGoalsAgainstLast5,4,AwayGoalsAgainstLast5,0.5355263157894737,0.5355263157894737,0.9887220658416929,0.5894557830860382
EloDiff + ShotOTDiffLast5 + HomeShotsAgainstLast5 + ShotDiffLast5,4,ShotDiffLast5,0.5421052631578948,0.5421052631578948,0.9892880642525139,0.5890335049985188
EloDiff + ShotDiffLast5 + HomeShotsAgainstLast5 + ShotOTDiffLast5,4,ShotOTDiffLast5,0.5421052631578948,0.5421052631578948,0.9892880642525139,0.5890335049985188
EloDiff + ShotOTDiffLast5 + HomeShotsAgainstLast5 + XGForDiffPg,4,XGForDiffPg,0.529054054054054,0.529054054054054,0.9910952631809361,0.591169606702114
EloDiff + ShotDiffLast5 + HomeShotsAgainstLast5 + XGForDiffPg,4,XGForDiffPg,0.5337837837837838,0.5337837837837838,0.9911320694800443,0.5915064181896577
