Features,AddedFeature,NumFeatures,MeanAccuracy,MeanLogLoss,MeanBrier,AccuracyChange,LogLossChange,BrierChange
EloDiff + AwayElo + XGDDiffLast5 + AwayGDPerGame + AwayPointsLast5 + HomePPG,HomePPG,6,0.5335526315789474,0.9803697883959098,0.58371305682096,-0.0019736842105262387,8.226606290351324e-05,2.4373485309259202e-05
EloDiff + AwayElo + XGDDiffLast5 + AwayGDPerGame + AwayPointsLast5 + HomeElo,HomeElo,6,0.5335526315789474,0.9804215912227903,0.5837168472992006,-0.0019736842105262387,0.00013406888978395592,2.8163963549876492e-05
EloDiff + AwayElo + XGDDiffLast5 + AwayGDPerGame + AwayPointsLast5 + GoalsPerGameDiff,GoalsPerGameDiff,6,0.5335526315789474,0.9805603430949431,0.5838629242103992,-0.0019736842105262387,0.0002728207619367984,0.00017424087474848804
EloDiff + AwayElo + XGDDiffLast5 + AwayGDPerGame + AwayPointsLast5 + HomeShotsAgainstLast5,HomeShotsAgainstLast5,6,0.5328947368421053,0.9807264740121984,0.5840617169182067,-0.002631578947368318,0.0004389516791920567,0.00037303358255602603
EloDiff + AwayElo + XGDDiffLast5 + AwayGDPerGame + AwayPointsLast5 + HomeShotsOnTargetAgainstLast5,HomeShotsOnTargetAgainstLast5,6,0.5335526315789474,0.9808124745369264,0.5841170604841879,-0.0019736842105262387,0.000524952203920126,0.00042837714853716236
EloDiff + AwayElo + XGDDiffLast5 + AwayGDPerGame + AwayPointsLast5 + HomeGDPerGame,HomeGDPerGame,6,0.5355263157894736,0.9808971076776409,0.5840836819223805,0.0,0.0006095853446346222,0.00039499858672975563
EloDiff + AwayElo + XGDDiffLast5 + AwayGDPerGame + AwayPointsLast5 + GDPerGameDiff,GDPerGameDiff,6,0.5348684210526315,0.9809067641613147,0.5841005416809777,-0.0006578947368420796,0.0006192418283084145,0.0004118583453269764
EloDiff + AwayElo + XGDDiffLast5 + AwayGDPerGame + AwayPointsLast5 + HomeGoalsLast5,HomeGoalsLast5,6,0.5342105263157895,0.9809227966966516,0.5839539295109171,-0.001315789473684159,0.0006352743636452995,0.00026524617526635375
EloDiff + AwayElo + XGDDiffLast5 + AwayGDPerGame + AwayPointsLast5 + AwayPPG,AwayPPG,6,0.5335526315789474,0.9809972653179497,0.5840680766905108,-0.0019736842105262387,0.0007097429849434178,0.0003793933548600359
EloDiff + AwayElo + XGDDiffLast5 + AwayGDPerGame + AwayPointsLast5 + HomeGoalsPerGame,HomeGoalsPerGame,6,0.5342105263157895,0.981187349013138,0.5841120385115723,-0.001315789473684159,0.0008998266801316657,0.00042335517592162475
EloDiff + AwayElo + XGDDiffLast5 + AwayGDPerGame + AwayPointsLast5 + ShotDiffLast5,ShotDiffLast5,6,0.5342105263157895,0.9812290148342798,0.5843893080974287,-0.001315789473684159,0.0009414925012735109,0.0007006247617780126
EloDiff + AwayElo + XGDDiffLast5 + AwayGDPerGame + AwayPointsLast5 + AwayShotsOnTargetLast5,AwayShotsOnTargetLast5,6,0.5368421052631579,0.9812644210095152,0.5841034595102631,0.0013157894736842701,0.0009768986765088528,0.0004147761746123857
EloDiff + AwayElo + XGDDiffLast5 + AwayGDPerGame + AwayPointsLast5 + PPGDiff,PPGDiff,6,0.5328947368421052,0.981284915294037,0.5842231959073403,-0.0026315789473684292,0.0009973929610307408,0.0005345125716895716
EloDiff + AwayElo + XGDDiffLast5 + AwayGDPerGame + AwayPointsLast5 + HomePointsLast5,HomePointsLast5,6,0.5388157894736842,0.9812961029877136,0.5841444475868389,0.00328947368421062,0.001008580654707325,0.0004557642511882065
EloDiff + AwayElo + XGDDiffLast5 + AwayGDPerGame + AwayPointsLast5 + GoalsAgainstPerGameDiff,GoalsAgainstPerGameDiff,6,0.530921052631579,0.9812983326495636,0.5844144647244479,-0.004605263157894668,0.0010108103165572535,0.0007257813887971976
EloDiff + AwayElo + XGDDiffLast5 + AwayGDPerGame + AwayPointsLast5 + XGForDiffLast5,XGForDiffLast5,6,0.5328947368421053,0.9815880104906551,0.584431303168833,-0.002631578947368318,0.001300488157648827,0.0007426198331822453
EloDiff + AwayElo + XGDDiffLast5 + AwayGDPerGame + AwayPointsLast5 + XGAgainstDiffLast5,XGAgainstDiffLast5,6,0.5335526315789474,0.9817006907124544,0.5845060360898952,-0.0019736842105262387,0.0014131683794480487,0.0008173527542444381
EloDiff + AwayElo + XGDDiffLast5 + AwayGDPerGame + AwayPointsLast5 + GoalDiffLast5,GoalDiffLast5,6,0.5348684210526315,0.9817145072242903,0.5845940741591873,-0.0006578947368420796,0.001426984891284011,0.0009053908235365782
EloDiff + AwayElo + XGDDiffLast5 + AwayGDPerGame + AwayPointsLast5 + ShotOTDiffLast5,ShotOTDiffLast5,6,0.5342105263157895,0.9818592117306637,0.5845788912588037,-0.001315789473684159,0.0015716893976573942,0.0008902079231529747
EloDiff + AwayElo + XGDDiffLast5 + AwayGDPerGame + AwayPointsLast5 + HomeShotsOnTargetLast5,HomeShotsOnTargetLast5,6,0.5335526315789474,0.9819218633260236,0.5847321728285815,-0.0019736842105262387,0.0016343409930172914,0.0010434894929307603
EloDiff + AwayElo + XGDDiffLast5 + AwayGDPerGame + AwayPointsLast5 + XGDDiff,XGDDiff,6,0.5297297297297298,0.9822179924971536,0.5854993982157926,-0.005796586059743869,0.0019304701641472688,0.0018107148801418393
EloDiff + AwayElo + XGDDiffLast5 + AwayGDPerGame + AwayPointsLast5 + AwayShotsAgainstLast5,AwayShotsAgainstLast5,6,0.5361842105263158,0.9824673531844432,0.5847499277839328,0.0006578947368421906,0.0021798308514369147,0.0010612444482820393
EloDiff + AwayElo + XGDDiffLast5 + AwayGDPerGame + AwayPointsLast5 + HomeGoalsAgainstLast5,HomeGoalsAgainstLast5,6,0.5361842105263158,0.9824754800890143,0.5850248245909287,0.0006578947368421906,0.0021879577560079966,0.0013361412552780338
EloDiff + AwayElo + XGDDiffLast5 + AwayGDPerGame + AwayPointsLast5 + GoalAgainstDiffLast5,GoalAgainstDiffLast5,6,0.5342105263157895,0.9825841361064143,0.5853236671533416,-0.001315789473684159,0.0022966137734079517,0.0016349838176908937
EloDiff + AwayElo + XGDDiffLast5 + AwayGDPerGame + AwayPointsLast5 + AwayGoalsAgainstPerGame,AwayGoalsAgainstPerGame,6,0.5322368421052631,0.9827571797031467,0.5846780545965358,-0.003289473684210509,0.002469657370140377,0.0009893712608850525
EloDiff + AwayElo + XGDDiffLast5 + AwayGDPerGame + AwayPointsLast5 + AwayShotsOnTargetAgainstLast5,AwayShotsOnTargetAgainstLast5,6,0.5375,0.9832127153920527,0.5851204891430204,0.0019736842105263497,0.0029251930590463715,0.0014318058073696793
EloDiff + AwayElo + XGDDiffLast5 + AwayGDPerGame + AwayPointsLast5 + AwayGoalsAgainstLast5,AwayGoalsAgainstLast5,6,0.5348684210526315,0.9834076544707112,0.5855044276387116,-0.0006578947368420796,0.0031201321377049007,0.0018157443030608622
EloDiff + AwayElo + XGDDiffLast5 + AwayGDPerGame + AwayPointsLast5 + AwayGoalsLast5,AwayGoalsLast5,6,0.531578947368421,0.9834988673765359,0.5859162409341652,-0.003947368421052588,0.003211345043529601,0.0022275575985144513
EloDiff + AwayElo + XGDDiffLast5 + AwayGDPerGame + AwayPointsLast5 + XGAgainstDiffPg,XGAgainstDiffPg,6,0.5304054054054054,0.9840344771451759,0.5864009477216384,-0.005120910384068256,0.0037469548121695784,0.002712264385987706
EloDiff + AwayElo + XGDDiffLast5 + AwayGDPerGame + AwayPointsLast5 + XGForDiffPg,XGForDiffPg,6,0.529054054054054,0.9842249772514906,0.586543914262375,-0.006472261735419593,0.0039374549184842955,0.0028552309267242393
