Model,Features,FeatureList,TrainGames,TestGames,Accuracy,LogLoss,Brier_A,Brier_D,Brier_H,AccuracyChange,LogLossChange,BrierAChange,BrierDChange,BrierHChange
BASELINE,3,EloDiff + ShotOTDiffLast5 + GoalAgainstDiffLast5,1520,380,0.4921052631578947,1.0352295493268973,0.19662838275405378,0.2028462115334826,0.22486810466106064,0.0,0.0,0.0,0.0,0.0
BASELINE + XGForDiffPg,4,EloDiff + ShotOTDiffLast5 + GoalAgainstDiffLast5 + XGForDiffPg,1480,370,0.4864864864864865,1.0297198754137904,0.19623863803235517,0.20250924949941818,0.22216337044253,-0.005618776671408199,-0.005509673913106861,-0.00038974472169861496,-0.00033696203406441416,-0.0027047342185306245
BASELINE + XGAgainstDiffPg,4,EloDiff + ShotOTDiffLast5 + GoalAgainstDiffLast5 + XGAgainstDiffPg,1480,370,0.4756756756756757,1.0372104505017135,0.20037384772695144,0.20243370999813037,0.22261931556985853,-0.01642958748221901,0.0019809011748161964,0.0037454649728976552,-0.00041250153535221656,-0.0022487890912021025
BASELINE + XGDDiff,4,EloDiff + ShotOTDiffLast5 + GoalAgainstDiffLast5 + XGDDiff,1480,370,0.4837837837837838,1.0317145442614386,0.19792160483613402,0.2023316956711673,0.22160556929237246,-0.00832147937411093,-0.003515005065458654,0.001293222082080242,-0.0005145158623152957,-0.003262535368688174
BASELINE + XGForDiffLast5,4,EloDiff + ShotOTDiffLast5 + GoalAgainstDiffLast5 + XGForDiffLast5,1520,380,0.4921052631578947,1.0354669818459181,0.19618093744710144,0.20334372854076094,0.2247110853309901,0.0,0.0002374325190208637,-0.0004474453069523432,0.0004975170072783475,-0.0001570193300705347
BASELINE + XGAgainstDiffLast5,4,EloDiff + ShotOTDiffLast5 + GoalAgainstDiffLast5 + XGAgainstDiffLast5,1520,380,0.5026315789473684,1.035334014226824,0.19787546096020298,0.2020674785570691,0.22292665291280192,0.010526315789473717,0.00010446489992665953,0.0012470782061491936,-0.000778732976413482,-0.0019414517482587157
BASELINE + XGDDiffLast5,4,EloDiff + ShotOTDiffLast5 + GoalAgainstDiffLast5 + XGDDiffLast5,1520,380,0.49736842105263157,1.0329245357622876,0.19611455111137693,0.2022041726170294,0.2230362095682605,0.0052631578947368585,-0.0023050135646096592,-0.0005138316426768486,-0.0006420389164532025,-0.0018318950928001287
BASELINE + XGForDiffPg + XGAgainstDiffPg,5,EloDiff + ShotOTDiffLast5 + GoalAgainstDiffLast5 + XGForDiffPg + XGAgainstDiffPg,1480,370,0.4837837837837838,1.0317990649843631,0.197910746784092,0.2023795396096693,0.22162034471818068,-0.00832147937411093,-0.0034304843425341236,0.00128236403003823,-0.0004666719238132777,-0.0032477599428799575
BASELINE + XGForDiffPg + XGDDiff,5,EloDiff + ShotOTDiffLast5 + GoalAgainstDiffLast5 + XGForDiffPg + XGDDiff,1480,370,0.4837837837837838,1.0316486098540232,0.19787604300321696,0.20234236471303904,0.22160623368419455,-0.00832147937411093,-0.0035809394728740784,0.0012476602491631739,-0.0005038468204435487,-0.003261870976866088
BASELINE + XGForDiffPg + XGForDiffLast5,5,EloDiff + ShotOTDiffLast5 + GoalAgainstDiffLast5 + XGForDiffPg + XGForDiffLast5,1480,370,0.4972972972972973,1.0324683824075187,0.19707151805239229,0.20346355450980896,0.22235784246035648,0.005192034139402613,-0.002761166919378555,0.00044313529833850396,0.0006173429763263738,-0.002510262200704161
BASELINE + XGForDiffPg + XGAgainstDiffLast5,5,EloDiff + ShotOTDiffLast5 + GoalAgainstDiffLast5 + XGForDiffPg + XGAgainstDiffLast5,1480,370,0.4945945945945946,1.0301428269005206,0.19745141659848178,0.20159823669649007,0.22077979515826684,0.002489331436699882,-0.005086722426376644,0.0008230338444280005,-0.0012479748369925159,-0.004088309502793791
BASELINE + XGForDiffPg + XGDDiffLast5,5,EloDiff + ShotOTDiffLast5 + GoalAgainstDiffLast5 + XGForDiffPg + XGDDiffLast5,1480,370,0.4918918918918919,1.0295778690275188,0.196283108478277,0.20194427320732602,0.2217269949769973,-0.0002133712660027931,-0.005651680299378459,-0.00034527427577676906,-0.000901938326156565,-0.003141109684063337
BASELINE + XGAgainstDiffPg + XGDDiff,5,EloDiff + ShotOTDiffLast5 + GoalAgainstDiffLast5 + XGAgainstDiffPg + XGDDiff,1480,370,0.4837837837837838,1.0318639872089046,0.19793635609931548,0.20239247149548903,0.22162081594242208,-0.00832147937411093,-0.00336556211799266,0.0013079733452616982,-0.0004537400379935608,-0.0032472887186385524
BASELINE + XGAgainstDiffPg + XGForDiffLast5,5,EloDiff + ShotOTDiffLast5 + GoalAgainstDiffLast5 + XGAgainstDiffPg + XGForDiffLast5,1480,370,0.4810810810810811,1.0391099042805134,0.20042853517020814,0.2033471382326312,0.22272261051846434,-0.011024182076813605,0.003880354953616161,0.003800152416154362,0.0005009266991486128,-0.0021454941425962937
BASELINE + XGAgainstDiffPg + XGAgainstDiffLast5,5,EloDiff + ShotOTDiffLast5 + GoalAgainstDiffLast5 + XGAgainstDiffPg + XGAgainstDiffLast5,1480,370,0.4918918918918919,1.0370707903290042,0.2004015056196053,0.20209794075058413,0.2220206986652323,-0.0002133712660027931,0.0018412410021069192,0.0037731228655515092,-0.0007482707828984636,-0.0028474059958283338
BASELINE + XGAgainstDiffPg + XGDDiffLast5,5,EloDiff + ShotOTDiffLast5 + GoalAgainstDiffLast5 + XGAgainstDiffPg + XGDDiffLast5,1480,370,0.4864864864864865,1.038055972805517,0.19996537036266274,0.20302697574630255,0.22225637567932788,-0.005618776671408199,0.0028264234786197218,0.0033369876086089545,0.00018076421281995603,-0.0026117289817327582
BASELINE + XGDDiff + XGForDiffLast5,5,EloDiff + ShotOTDiffLast5 + GoalAgainstDiffLast5 + XGDDiff + XGForDiffLast5,1480,370,0.4783783783783784,1.0361002924885894,0.19923510923205073,0.20359905645785176,0.22196343256244389,-0.013726884779516335,0.0008707431616921113,0.0026067264779969512,0.0007528449243691671,-0.0029046720986167507
BASELINE + XGDDiff + XGAgainstDiffLast5,5,EloDiff + ShotOTDiffLast5 + GoalAgainstDiffLast5 + XGDDiff + XGAgainstDiffLast5,1480,370,0.4864864864864865,1.0313002875905444,0.19833645894477642,0.201556270346311,0.22098050570613176,-0.005618776671408199,-0.003929261736352885,0.001708076190722635,-0.0012899411871716004,-0.003887598954928878
BASELINE + XGDDiff + XGDDiffLast5,5,EloDiff + ShotOTDiffLast5 + GoalAgainstDiffLast5 + XGDDiff + XGDDiffLast5,1480,370,0.4837837837837838,1.0326953017968206,0.19792203265604194,0.2025271675027278,0.22168849119463613,-0.00832147937411093,-0.0025342475300766942,0.0012936499019881587,-0.00031904403075477816,-0.003179613466424508
BASELINE + XGForDiffLast5 + XGAgainstDiffLast5,5,EloDiff + ShotOTDiffLast5 + GoalAgainstDiffLast5 + XGForDiffLast5 + XGAgainstDiffLast5,1520,380,0.5,1.036089231646964,0.19771352423523758,0.2026738198862978,0.22284004092382245,0.007894736842105288,0.0008596823200668346,0.001085141481183799,-0.0001723916471847997,-0.002028063737238184
BASELINE + XGForDiffLast5 + XGDDiffLast5,5,EloDiff + ShotOTDiffLast5 + GoalAgainstDiffLast5 + XGForDiffLast5 + XGDDiffLast5,1520,380,0.5,1.0359928485124517,0.1976571435424638,0.2026658315931414,0.22284320248215808,0.007894736842105288,0.0007632991855544002,0.0010287607884100214,-0.00018037994034120208,-0.0020249021789025545
BASELINE + XGAgainstDiffLast5 + XGDDiffLast5,5,EloDiff + ShotOTDiffLast5 + GoalAgainstDiffLast5 + XGAgainstDiffLast5 + XGDDiffLast5,1520,380,0.5,1.036012573255739,0.1976911137891098,0.2026442335723658,0.22283741399671947,0.007894736842105288,0.0007830239288417751,0.0010627310350560248,-0.00020197796111678934,-0.002030690664341167
BASELINE + XGForDiffPg + XGAgainstDiffPg + XGDDiff,6,EloDiff + ShotOTDiffLast5 + GoalAgainstDiffLast5 + XGForDiffPg + XGAgainstDiffPg + XGDDiff,1480,370,0.4837837837837838,1.0317812424635644,0.19791250162097207,0.20237385726477775,0.22161453127998135,-0.00832147937411093,-0.0034483068633328617,0.001284118866918288,-0.0004723542687048443,-0.003253573381079289
BASELINE + XGForDiffPg + XGAgainstDiffPg + XGForDiffLast5,6,EloDiff + ShotOTDiffLast5 + GoalAgainstDiffLast5 + XGForDiffPg + XGAgainstDiffPg + XGForDiffLast5,1480,370,0.4756756756756757,1.0346048081512997,0.1987789090141573,0.20330610401601792,0.22188415872260367,-0.01642958748221901,-0.0006247411755975207,0.002150526260103508,0.00045989248253533455,-0.0029839459384569667
BASELINE + XGForDiffPg + XGAgainstDiffPg + XGAgainstDiffLast5,6,EloDiff + ShotOTDiffLast5 + GoalAgainstDiffLast5 + XGForDiffPg + XGAgainstDiffPg + XGAgainstDiffLast5,1480,370,0.4891891891891892,1.0316583474422163,0.19795733718584957,0.20201087250003258,0.220934181878098,-0.0029160739687055237,-0.0035712018846809634,0.0013289544317957869,-0.000835339033450011,-0.0039339227829626455
BASELINE + XGForDiffPg + XGAgainstDiffPg + XGDDiffLast5,6,EloDiff + ShotOTDiffLast5 + GoalAgainstDiffLast5 + XGForDiffPg + XGAgainstDiffPg + XGDDiffLast5,1480,370,0.4837837837837838,1.033014564214463,0.19792707395911177,0.20267930994548705,0.2217275051750061,-0.00832147937411093,-0.0022149851124342312,0.001298691205057989,-0.00016690158799553823,-0.003140599486054524
BASELINE + XGForDiffPg + XGDDiff + XGForDiffLast5,6,EloDiff + ShotOTDiffLast5 + GoalAgainstDiffLast5 + XGForDiffPg + XGDDiff + XGForDiffLast5,1480,370,0.4756756756756757,1.0346860298099254,0.1988046475993613,0.2033229715774045,0.22189049635505823,-0.01642958748221901,-0.0005435195169718465,0.0021762648453075295,0.0004767600439219144,-0.0029776083060024106
BASELINE + XGForDiffPg + XGDDiff + XGAgainstDiffLast5,6,EloDiff + ShotOTDiffLast5 + GoalAgainstDiffLast5 + XGForDiffPg + XGDDiff + XGAgainstDiffLast5,1480,370,0.4891891891891892,1.0315746435110495,0.19795831376849987,0.20197912015273187,0.220922113485015,-0.0029160739687055237,-0.003654905815847709,0.0013299310144460896,-0.000867091380750723,-0.003945991176045632
BASELINE + XGForDiffPg + XGDDiff + XGDDiffLast5,6,EloDiff + ShotOTDiffLast5 + GoalAgainstDiffLast5 + XGForDiffPg + XGDDiff + XGDDiffLast5,1480,370,0.4837837837837838,1.0329714057389923,0.1979090391533333,0.20266503979797867,0.22172455979177796,-0.00832147937411093,-0.0022581435879049927,0.0012806563992795172,-0.00018117173550391552,-0.0031435448692826717
BASELINE + XGForDiffPg + XGForDiffLast5 + XGAgainstDiffLast5,6,EloDiff + ShotOTDiffLast5 + GoalAgainstDiffLast5 + XGForDiffPg + XGForDiffLast5 + XGAgainstDiffLast5,1480,370,0.4891891891891892,1.033630934774487,0.19874835970567767,0.20269431608144614,0.2208933694121127,-0.0029160739687055237,-0.0015986145524102824,0.0021199769516238864,-0.00015189545203644905,-0.003974735248947925
BASELINE + XGForDiffPg + XGForDiffLast5 + XGDDiffLast5,6,EloDiff + ShotOTDiffLast5 + GoalAgainstDiffLast5 + XGForDiffPg + XGForDiffLast5 + XGDDiffLast5,1480,370,0.4891891891891892,1.0334321388641203,0.19865087225462233,0.20267634446775534,0.22089973433860305,-0.0029160739687055237,-0.0017974104627769272,0.0020224895005685473,-0.0001698670657272472,-0.003968370322457587
BASELINE + XGForDiffPg + XGAgainstDiffLast5 + XGDDiffLast5,6,EloDiff + ShotOTDiffLast5 + GoalAgainstDiffLast5 + XGForDiffPg + XGAgainstDiffLast5 + XGDDiffLast5,1480,370,0.4891891891891892,1.0334265758009131,0.19865670334714025,0.20265212895160106,0.22089766383242648,-0.0029160739687055237,-0.0018029735259841306,0.002028320593086469,-0.00019408258188152727,-0.003970440828634153
BASELINE + XGAgainstDiffPg + XGDDiff + XGForDiffLast5,6,EloDiff + ShotOTDiffLast5 + GoalAgainstDiffLast5 + XGAgainstDiffPg + XGDDiff + XGForDiffLast5,1480,370,0.4756756756756757,1.034737767346853,0.19884893191377875,0.20330742856695452,0.22188896013382176,-0.01642958748221901,-0.0004917819800442924,0.0022205491597249716,0.00046121703347193344,-0.0029791445272388806
BASELINE + XGAgainstDiffPg + XGDDiff + XGAgainstDiffLast5,6,EloDiff + ShotOTDiffLast5 + GoalAgainstDiffLast5 + XGAgainstDiffPg + XGDDiff + XGAgainstDiffLast5,1480,370,0.4891891891891892,1.0316771326969314,0.19799505677158238,0.20200505271373123,0.22093648757009796,-0.0029160739687055237,-0.00355241662996586,0.0013666740175286018,-0.0008411588197513586,-0.00393161709096268
BASELINE + XGAgainstDiffPg + XGDDiff + XGDDiffLast5,6,EloDiff + ShotOTDiffLast5 + GoalAgainstDiffLast5 + XGAgainstDiffPg + XGDDiff + XGDDiffLast5,1480,370,0.4837837837837838,1.0331635238363126,0.1979617549123718,0.2027191855332256,0.22173958199388788,-0.00832147937411093,-0.0020660254905846553,0.0013333721583180247,-0.00012702600025699118,-0.003128522667172756
BASELINE + XGAgainstDiffPg + XGForDiffLast5 + XGAgainstDiffLast5,6,EloDiff + ShotOTDiffLast5 + GoalAgainstDiffLast5 + XGAgainstDiffPg + XGForDiffLast5 + XGAgainstDiffLast5,1480,370,0.4864864864864865,1.038889199555517,0.2005307678663035,0.20298923133955651,0.22212474719078143,-0.005618776671408199,0.003659650228619693,0.0039023851122497177,0.00014301980607392406,-0.0027433574702792063
BASELINE + XGAgainstDiffPg + XGForDiffLast5 + XGDDiffLast5,6,EloDiff + ShotOTDiffLast5 + GoalAgainstDiffLast5 + XGAgainstDiffPg + XGForDiffLast5 + XGDDiffLast5,1480,370,0.4864864864864865,1.0389149234844337,0.20052994983085123,0.20300425655486753,0.22212588466814026,-0.005618776671408199,0.0036853741575364474,0.003901567076797452,0.00015804502138494492,-0.002742219992920375
BASELINE + XGAgainstDiffPg + XGAgainstDiffLast5 + XGDDiffLast5,6,EloDiff + ShotOTDiffLast5 + GoalAgainstDiffLast5 + XGAgainstDiffPg + XGAgainstDiffLast5 + XGDDiffLast5,1480,370,0.4864864864864865,1.0389166910053511,0.2005323822141722,0.20300003943566944,0.22212339336795373,-0.005618776671408199,0.0036871416784538535,0.003903999460118407,0.00015382790218684828,-0.0027447112931069106
BASELINE + XGDDiff + XGForDiffLast5 + XGAgainstDiffLast5,6,EloDiff + ShotOTDiffLast5 + GoalAgainstDiffLast5 + XGDDiff + XGForDiffLast5 + XGAgainstDiffLast5,1480,370,0.4837837837837838,1.0356944320539698,0.19960930828867976,0.20288568409997731,0.2213955655072527,-0.00832147937411093,0.0004648827270725686,0.0029809255346259778,3.947256649472486e-05,-0.0034725391538079353
BASELINE + XGDDiff + XGForDiffLast5 + XGDDiffLast5,6,EloDiff + ShotOTDiffLast5 + GoalAgainstDiffLast5 + XGDDiff + XGForDiffLast5 + XGDDiffLast5,1480,370,0.4837837837837838,1.0356218453685446,0.19957409029588163,0.20287861191966025,0.22139888376139769,-0.00832147937411093,0.0003922960416473664,0.002945707541827852,3.240038617766117e-05,-0.0034692208996629503
BASELINE + XGDDiff + XGAgainstDiffLast5 + XGDDiffLast5,6,EloDiff + ShotOTDiffLast5 + GoalAgainstDiffLast5 + XGDDiff + XGAgainstDiffLast5 + XGDDiffLast5,1480,370,0.4837837837837838,1.0355570923602118,0.19956702014787825,0.2028412265051536,0.22139016895666883,-0.00832147937411093,0.0003275430333145035,0.002938637393824467,-4.985028328990948e-06,-0.00347793570439181
BASELINE + XGForDiffLast5 + XGAgainstDiffLast5 + XGDDiffLast5,6,EloDiff + ShotOTDiffLast5 + GoalAgainstDiffLast5 + XGForDiffLast5 + XGAgainstDiffLast5 + XGDDiffLast5,1520,380,0.5,1.0360522929407965,0.19771329228915385,0.20265390905591424,0.22283145052617784,0.007894736842105288,0.0008227436138992239,0.0010849095351000704,-0.00019230247756835128,-0.0020366541348827982
BASELINE + ALL XG,9,EloDiff + ShotOTDiffLast5 + GoalAgainstDiffLast5 + XGForDiffPg + XGAgainstDiffPg + XGDDiff + XGForDiffLast5 + XGAgainstDiffLast5 + XGDDiffLast5,1480,370,0.4810810810810811,1.0347281088094382,0.19909145992324181,0.20297473987343534,0.22110638332274563,-0.011024182076813605,-0.0005014405174590397,0.0024630771691880327,0.00012852833995274926,-0.0037617213383150105
